,file,player_id,last_name,first_name,batting_hand,throwing_hand,team_id,position
0,COL2019.ROS,almoy001,Almonte,Yency,B,R,COL,P
1,COL2019.ROS,alony001,Alonso,Yonder,L,R,COL,1B
2,COL2019.ROS,andet002,Anderson,Tyler,L,L,COL,P
3,COL2019.ROS,arenn001,Arenado,Nolan,R,R,COL,3B
4,COL2019.ROS,bettc001,Bettis,Chad,R,R,COL,P
5,COL2019.ROS,blacc001,Blackmon,Charlie,L,L,COL,OF
6,COL2019.ROS,buted001,Butera,Drew,R,R,COL,C
7,COL2019.ROS,cuevn001,Cuevas,Noel,R,R,COL,OF
8,COL2019.ROS,dahld001,Dahl,David,L,R,COL,OF
9,COL2019.ROS,daviw001,Davis,Wade,R,R,COL,P
10,COL2019.ROS,dazay001,Daza,Yonathan,R,R,COL,OF
11,COL2019.ROS,desmi001,Desmond,Ian,R,R,COL,SS
12,COL2019.ROS,diazj006,Diaz,Jairo,R,R,COL,P
13,COL2019.ROS,diehp001,Diehl,Phillip,L,L,COL,P
14,COL2019.ROS,dunnm002,Dunn,Michael,L,L,COL,P
15,COL2019.ROS,estec001,Estevez,Carlos,R,R,COL,P
16,COL2019.ROS,freek001,Freeland,Kyle,L,L,COL,P
17,COL2019.ROS,fuenj001,Fuentes,Josh,R,R,COL,3B
18,COL2019.ROS,garcr006,Garcia,Rico,R,R,COL,P
19,COL2019.ROS,gonzc002,Gonzalez,Chi Chi,R,R,COL,P
20,COL2019.ROS,grayj003,Gray,Jon,R,R,COL,P
21,COL2019.ROS,hampg001,Hampson,Garrett,R,R,COL,SS
22,COL2019.ROS,harvj001,Harvey,Joe,R,R,COL,P
23,COL2019.ROS,hills005,Hilliard,Sam,L,L,COL,OF
24,COL2019.ROS,hoffj003,Hoffman,Jeff,R,R,COL,P
25,COL2019.ROS,howas002,Howard,Sam,R,L,COL,P
26,COL2019.ROS,iannc001,Iannetta,Chris,R,R,COL,C
27,COL2019.ROS,johnd005,Johnson,D.J.,L,R,COL,P
28,COL2019.ROS,lambp001,Lambert,Peter,R,R,COL,P
29,COL2019.ROS,marqg001,Marquez,German,R,R,COL,P
30,COL2019.ROS,mcgej001,McGee,Jake,L,L,COL,P
31,COL2019.ROS,mcmar001,McMahon,Ryan,L,R,COL,3B
32,COL2019.ROS,melvt001,Melville,Tim,R,R,COL,P
33,COL2019.ROS,murpd006,Murphy,Daniel,L,R,COL,2B
34,COL2019.ROS,musgh001,Musgrave,Harrison,L,L,COL,P
35,COL2019.ROS,nuned001,Nunez,Dom,L,R,COL,C
36,COL2019.ROS,obers001,Oberg,Scott,R,R,COL,P
37,COL2019.ROS,oh--s001,Oh,Seung Hwan,R,R,COL,P
38,COL2019.ROS,parsw001,Parsons,Wes,R,R,COL,P
39,COL2019.ROS,pazoj001,Pazos,James,R,L,COL,P
40,COL2019.ROS,reynm001,Reynolds,Mark,R,R,COL,1B
41,COL2019.ROS,rodgb002,Rodgers,Brendan,R,R,COL,SS
42,COL2019.ROS,rusic001,Rusin,Chris,L,L,COL,P
43,COL2019.ROS,senza001,Senzatela,Antonio,R,R,COL,P
44,COL2019.ROS,shawb001,Shaw,Bryan,B,R,COL,P
45,COL2019.ROS,stort001,Story,Trevor,R,R,COL,SS
46,COL2019.ROS,tapir001,Tapia,Raimel,L,L,COL,OF
47,COL2019.ROS,tinoj001,Tinoco,Jesus,R,R,COL,P
48,COL2019.ROS,valap001,Valaika,Pat,R,R,COL,SS
49,COL2019.ROS,woltt001,Wolters,Tony,L,R,COL,C
50,OAK2019.ROS,andeb004,Anderson,Brett,L,L,OAK,P
51,OAK2019.ROS,andet003,Anderson,Tanner,R,R,OAK,P
52,OAK2019.ROS,bailh001,Bailey,Homer,R,R,OAK,P
53,OAK2019.ROS,barrf001,Barreto,Franklin,R,R,OAK,SS
54,OAK2019.ROS,bassc001,Bassitt,Chris,R,R,OAK,P
55,OAK2019.ROS,blacp001,Blackburn,Paul,R,R,OAK,P
56,OAK2019.ROS,bolts001,Bolt,Skye,B,R,OAK,OF
57,OAK2019.ROS,brooa001,Brooks,Aaron,R,R,OAK,P
58,OAK2019.ROS,brows003,Brown,Seth,L,L,OAK,1B
59,OAK2019.ROS,buchr001,Buchter,Ryan,L,L,OAK,P
60,OAK2019.ROS,canhm001,Canha,Mark,R,R,OAK,OF
61,OAK2019.ROS,chapm001,Chapman,Matt,R,R,OAK,3B
62,OAK2019.ROS,davik003,Davis,Khris,R,R,OAK,OF
63,OAK2019.ROS,diekj001,Diekman,Jake,L,L,OAK,P
64,OAK2019.ROS,dullr001,Dull,Ryan,R,R,OAK,P
65,OAK2019.ROS,estrm001,Estrada,Marco,R,R,OAK,P
66,OAK2019.ROS,fierm001,Fiers,Mike,R,R,OAK,P
67,OAK2019.ROS,garnd001,Garneau,Dustin,R,R,OAK,C
68,OAK2019.ROS,grosr001,Grossman,Robbie,B,L,OAK,OF
69,OAK2019.ROS,hendl001,Hendriks,Liam,R,R,OAK,P
70,OAK2019.ROS,herrc001,Herrmann,Chris,L,R,OAK,C
71,OAK2019.ROS,hundn001,Hundley,Nick,R,R,OAK,C
72,OAK2019.ROS,josec001,Joseph,Corban,L,R,OAK,1B
73,OAK2019.ROS,laurr001,Laureano,Ramon,R,R,OAK,OF
74,OAK2019.ROS,luzaj001,Luzardo,Jesus,L,L,OAK,P
75,OAK2019.ROS,manas001,Manaea,Sean,R,L,OAK,P
76,OAK2019.ROS,martn003,Martini,Nick,L,L,OAK,OF
77,OAK2019.ROS,mengd001,Mengden,Daniel,R,R,OAK,P
78,OAK2019.ROS,montf001,Montas,Frankie,R,R,OAK,P
79,OAK2019.ROS,morak001,Morales,Kendrys,B,R,OAK,DH
80,OAK2019.ROS,murps001,Murphy,Sean,R,R,OAK,C
81,OAK2019.ROS,neuss001,Neuse,Sheldon,R,R,OAK,3B
82,OAK2019.ROS,olsom001,Olson,Matt,L,R,OAK,1B
83,OAK2019.ROS,petiy001,Petit,Yusmeiro,R,R,OAK,P
84,OAK2019.ROS,phegj001,Phegley,Josh,R,R,OAK,C
85,OAK2019.ROS,pindc001,Pinder,Chad,R,R,OAK,2B
86,OAK2019.ROS,piscs001,Piscotty,Stephen,R,R,OAK,OF
87,OAK2019.ROS,profj001,Profar,Jurickson,B,R,OAK,2B
88,OAK2019.ROS,puk-a001,Puk,A.J.,L,L,OAK,P
89,OAK2019.ROS,roart001,Roark,Tanner,R,R,OAK,P
90,OAK2019.ROS,rodnf001,Rodney,Fernando,R,R,OAK,P
91,OAK2019.ROS,schlb001,Schlitter,Brian,R,R,OAK,P
92,OAK2019.ROS,semim001,Semien,Marcus,R,R,OAK,SS
93,OAK2019.ROS,sorij001,Soria,Joakim,R,R,OAK,P
94,OAK2019.ROS,taylb003,Taylor,Beau,L,R,OAK,C
95,OAK2019.ROS,treib001,Treinen,Blake,R,R,OAK,P
96,OAK2019.ROS,trivl001,Trivino,Lou,R,R,OAK,P
97,OAK2019.ROS,wangw001,Wang,Wei-Chung,L,L,OAK,P
98,OAK2019.ROS,wendj001,Wendelken,J.B.,R,R,OAK,P
99,MIL2019.ROS,aguij001,Aguilar,Jesus,R,R,MIL,1B
100,MIL2019.ROS,albem001,Albers,Matt,L,R,MIL,P
101,MIL2019.ROS,andec001,Anderson,Chase,R,R,MIL,P
102,MIL2019.ROS,arcio002,Arcia,Orlando,R,R,MIL,SS
103,MIL2019.ROS,austt001,Austin,Tyler,R,R,MIL,OF
104,MIL2019.ROS,barnj002,Barnes,Jacob,R,R,MIL,P
105,MIL2019.ROS,blacr001,Black,Ray,R,R,MIL,P
106,MIL2019.ROS,braur002,Braun,Ryan,R,R,MIL,OF
107,MIL2019.ROS,burnc002,Burnes,Corbin,R,R,MIL,P
108,MIL2019.ROS,cainl001,Cain,Lorenzo,R,R,MIL,OF
109,MIL2019.ROS,chacj001,Chacin,Jhoulys,R,R,MIL,P
110,MIL2019.ROS,claua001,Claudio,Alex,L,L,MIL,P
111,MIL2019.ROS,daviz001,Davies,Zach,R,R,MIL,P
112,MIL2019.ROS,dubom001,Dubon,Mauricio,R,R,MIL,SS
113,MIL2019.ROS,farij001,Faria,Jacob,R,R,MIL,P
114,MIL2019.ROS,freid001,Freitas,David,R,R,MIL,C
115,MIL2019.ROS,gameb001,Gamel,Ben,L,L,MIL,OF
116,MIL2019.ROS,gonzg003,Gonzalez,Gio,R,L,MIL,P
117,MIL2019.ROS,grany001,Grandal,Yasmani,B,R,MIL,C
118,MIL2019.ROS,grist001,Grisham,Trent,L,L,MIL,OF
119,MIL2019.ROS,guerd001,Guerra,Deolis,R,R,MIL,P
120,MIL2019.ROS,guerj003,Guerra,Junior,R,R,MIL,P
121,MIL2019.ROS,hadej001,Hader,Josh,L,L,MIL,P
122,MIL2019.ROS,hartd002,Hart,Donnie,L,L,MIL,P
123,MIL2019.ROS,hiurk001,Hiura,Keston,R,R,MIL,2B
124,MIL2019.ROS,housa001,Houser,Adrian,R,R,MIL,P
125,MIL2019.ROS,jackj001,Jackson,Jay,R,R,MIL,P
126,MIL2019.ROS,jeffj001,Jeffress,Jeremy,R,R,MIL,P
127,MIL2019.ROS,lylej001,Lyles,Jordan,R,R,MIL,P
128,MIL2019.ROS,mousm001,Moustakas,Mike,L,R,MIL,3B
129,MIL2019.ROS,nelsj004,Nelson,Jimmy,R,R,MIL,P
130,MIL2019.ROS,nottj001,Nottingham,Jacob,R,R,MIL,C
131,MIL2019.ROS,peraf001,Peralta,Freddy,R,R,MIL,P
132,MIL2019.ROS,pereh001,Perez,Hernan,R,R,MIL,3B
133,MIL2019.ROS,petrj001,Petricka,Jake,R,R,MIL,P
134,MIL2019.ROS,pinam001,Pina,Manny,R,R,MIL,C
135,MIL2019.ROS,pomed001,Pomeranz,Drew,R,L,MIL,P
136,MIL2019.ROS,salat001,Saladino,Tyler,R,R,MIL,3B
137,MIL2019.ROS,shawt001,Shaw,Travis,L,R,MIL,1B
138,MIL2019.ROS,smitb005,Smith,Burch,R,R,MIL,P
139,MIL2019.ROS,spanc001,Spangenberg,Cory,L,R,MIL,2B
140,MIL2019.ROS,suteb001,Suter,Brent,L,L,MIL,P
141,MIL2019.ROS,taylt002,Taylor,Tyrone,R,R,MIL,OF
142,MIL2019.ROS,thame001,Thames,Eric,L,R,MIL,OF
143,MIL2019.ROS,wilka003,Wilkerson,Aaron,R,R,MIL,P
144,MIL2019.ROS,willd004,Williams,Devin,R,R,MIL,P
145,MIL2019.ROS,willt003,Williams,Taylor,B,R,MIL,P
146,MIL2019.ROS,wilsa001,Wilson,Alex,R,R,MIL,P
147,MIL2019.ROS,woodb005,Woodruff,Brandon,L,R,MIL,P
148,MIL2019.ROS,yelic001,Yelich,Christian,L,R,MIL,OF
149,SDN2019.ROS,allea001,Allen,Austin,L,R,SDN,C
150,SDN2019.ROS,allel002,Allen,Logan,R,L,SDN,P
151,SDN2019.ROS,avilp001,Avila,Pedro,R,R,SDN,P
152,SDN2019.ROS,baezm001,Baez,Michel,R,R,SDN,P
153,SDN2019.ROS,bednd001,Bednar,David,L,R,SDN,P
154,SDN2019.ROS,bolar001,Bolanos,Ronald,R,R,SDN,P
155,SDN2019.ROS,castj007,Castillo,Jose,L,L,SDN,P
156,SDN2019.ROS,cordf003,Cordero,Franchy,L,R,SDN,OF
157,SDN2019.ROS,diazm004,Diaz,Miguel,R,R,SDN,P
158,SDN2019.ROS,dicka001,Dickerson,Alex,L,L,SDN,OF
159,SDN2019.ROS,edwac001,Edwards,Carl,R,R,SDN,P
160,SDN2019.ROS,erlir001,Erlin,Robbie,R,L,SDN,P
161,SDN2019.ROS,frant002,France,Ty,R,R,SDN,3B
162,SDN2019.ROS,garcg002,Garcia,Greg,L,R,SDN,SS
163,SDN2019.ROS,guerj004,Guerra,Javy,L,R,SDN,P
164,SDN2019.ROS,hedga001,Hedges,Austin,R,R,SDN,C
165,SDN2019.ROS,hosme001,Hosmer,Eric,L,L,SDN,1B
166,SDN2019.ROS,jankt001,Jankowski,Travis,L,R,SDN,OF
167,SDN2019.ROS,kinsi001,Kinsler,Ian,R,R,SDN,2B
168,SDN2019.ROS,lamed001,Lamet,Dinelson,R,R,SDN,P
169,SDN2019.ROS,lauee001,Lauer,Eric,R,L,SDN,P
170,SDN2019.ROS,loupa001,Loup,Aaron,L,L,SDN,P
171,SDN2019.ROS,luccj001,Lucchesi,Joey,L,L,SDN,P
172,SDN2019.ROS,machm001,Machado,Manny,R,R,SDN,3B
173,SDN2019.ROS,margn001,Margevicius,Nick,L,L,SDN,P
174,SDN2019.ROS,margm001,Margot,Manuel,R,R,SDN,OF
175,SDN2019.ROS,martn003,Martini,Nick,L,L,SDN,OF
176,SDN2019.ROS,matop002,Maton,Phil,R,R,SDN,P
177,SDN2019.ROS,mejif001,Mejia,Francisco,B,R,SDN,C
178,SDN2019.ROS,mejis001,Mejias-Brean,Seth,R,R,SDN,3B
179,SDN2019.ROS,morea001,Morejon,Adrian,L,L,SDN,P
180,SDN2019.ROS,munoa002,Munoz,Andres,R,R,SDN,P
181,SDN2019.ROS,myerw001,Myers,Wil,R,R,SDN,OF
182,SDN2019.ROS,naylj001,Naylor,Josh,L,L,SDN,OF
183,SDN2019.ROS,paddc001,Paddack,Chris,R,R,SDN,P
184,SDN2019.ROS,perdl002,Perdomo,Luis,R,R,SDN,P
185,SDN2019.ROS,pirej001,Pirela,Jose,R,R,SDN,OF
186,SDN2019.ROS,quanc001,Quantrill,Cal,L,R,SDN,P
187,SDN2019.ROS,renfh001,Renfroe,Hunter,R,R,SDN,OF
188,SDN2019.ROS,reyef001,Reyes,Franmil,R,R,SDN,OF
189,SDN2019.ROS,reyeg002,Reyes,Gerardo,R,R,SDN,P
190,SDN2019.ROS,richg002,Richards,Garrett,R,R,SDN,P
191,SDN2019.ROS,stamc001,Stammen,Craig,R,R,SDN,P
192,SDN2019.ROS,stocr001,Stock,Robert,L,R,SDN,P
193,SDN2019.ROS,stram001,Strahm,Matt,R,L,SDN,P
194,SDN2019.ROS,tatif002,Tatis,Fernando,R,R,SDN,SS
195,SDN2019.ROS,torrl001,Torrens,Luis,R,R,SDN,C
196,SDN2019.ROS,urial001,Urias,Luis,R,R,SDN,2B
197,SDN2019.ROS,warra001,Warren,Adam,R,R,SDN,P
198,SDN2019.ROS,wiecb001,Wieck,Brad,L,L,SDN,P
199,SDN2019.ROS,wingt001,Wingenter,Trey,R,R,SDN,P
200,SDN2019.ROS,wislm001,Wisler,Matt,R,R,SDN,P
201,SDN2019.ROS,yarde001,Yardley,Eric,R,R,SDN,P
202,SDN2019.ROS,yatek001,Yates,Kirby,L,R,SDN,P
203,CHA2019.ROS,abrej003,Abreu,Jose,R,R,CHA,1B
204,CHA2019.ROS,alony001,Alonso,Yonder,L,R,CHA,1B
205,CHA2019.ROS,andet001,Anderson,Tim,R,R,CHA,SS
206,CHA2019.ROS,banum001,Banuelos,Manny,R,L,CHA,P
207,CHA2019.ROS,bumma001,Bummer,Aaron,L,L,CHA,P
208,CHA2019.ROS,burrr002,Burr,Ryan,R,R,CHA,P
209,CHA2019.ROS,castw002,Castillo,Welington,R,R,CHA,C
210,CHA2019.ROS,ceasd001,Cease,Dylan,R,R,CHA,P
211,CHA2019.ROS,collz001,Collins,Zack,L,R,CHA,C
212,CHA2019.ROS,coloa001,Colome,Alex,R,R,CHA,P
213,CHA2019.ROS,cordr001,Cordell,Ryan,R,R,CHA,OF
214,CHA2019.ROS,cordj001,Cordero,Jimmy,R,R,CHA,P
215,CHA2019.ROS,coved001,Covey,Dylan,R,R,CHA,P
216,CHA2019.ROS,delmn001,Delmonico,Nicky,L,R,CHA,3B
217,CHA2019.ROS,despo001,Despaigne,Odrisamer,R,R,CHA,P
218,CHA2019.ROS,detwr001,Detwiler,Ross,R,L,CHA,P
219,CHA2019.ROS,engea001,Engel,Adam,R,R,CHA,OF
220,CHA2019.ROS,frarc001,Frare,Caleb,L,L,CHA,P
221,CHA2019.ROS,fry-j001,Fry,Jace,L,L,CHA,P
222,CHA2019.ROS,fulmc001,Fulmer,Carson,R,R,CHA,P
223,CHA2019.ROS,garcl004,Garcia,Leury,B,R,CHA,OF
224,CHA2019.ROS,gioll001,Giolito,Lucas,R,R,CHA,P
225,CHA2019.ROS,goinr001,Goins,Ryan,L,R,CHA,2B
226,CHA2019.ROS,herrk001,Herrera,Kelvin,R,R,CHA,P
227,CHA2019.ROS,jay-j001,Jay,Jon,L,L,CHA,OF
228,CHA2019.ROS,jimee001,Jimenez,Eloy,R,R,CHA,OF
229,CHA2019.ROS,jonen001,Jones,Nate,R,R,CHA,P
230,CHA2019.ROS,loper003,Lopez,Reynaldo,R,R,CHA,P
231,CHA2019.ROS,marse001,Marshall,Evan,R,R,CHA,P
232,CHA2019.ROS,mccaj001,McCann,James,R,R,CHA,C
233,CHA2019.ROS,mendd002,Mendick,Danny,R,R,CHA,SS
234,CHA2019.ROS,minaj001,Minaya,Juan,R,R,CHA,P
235,CHA2019.ROS,moncy001,Moncada,Yoan,B,R,CHA,3B
236,CHA2019.ROS,novai001,Nova,Ivan,R,R,CHA,P
237,CHA2019.ROS,osicj001,Osich,Josh,L,L,CHA,P
238,CHA2019.ROS,palkd001,Palka,Daniel,L,L,CHA,OF
239,CHA2019.ROS,reeda002,Reed,A.J.,L,L,CHA,1B
240,CHA2019.ROS,rodoc001,Rodon,Carlos,L,L,CHA,P
241,CHA2019.ROS,rondj002,Rondon,Jose,R,R,CHA,SS
242,CHA2019.ROS,ruizj001,Ruiz,Jose,R,R,CHA,P
243,CHA2019.ROS,sancc001,Sanchez,Yolmer,B,R,CHA,2B
244,CHA2019.ROS,sante001,Santana,Ervin,R,R,CHA,P
245,CHA2019.ROS,santh001,Santiago,Hector,R,L,CHA,P
246,CHA2019.ROS,skolm001,Skole,Matt,L,R,CHA,1B
247,CHA2019.ROS,tilsc001,Tilson,Charlie,L,L,CHA,OF
248,CHA2019.ROS,vieit001,Vieira,Thyago,R,R,CHA,P
249,CHA2019.ROS,zavas001,Zavala,Seby,R,R,CHA,C
250,CHN2019.ROS,adduj002,Adduci,Jim,L,L,CHN,OF
251,CHN2019.ROS,almoa002,Almora,Albert,R,R,CHN,OF
252,CHN2019.ROS,alzoa001,Alzolay,Adbert,R,R,CHN,P
253,CHN2019.ROS,baezj001,Baez,Javier,R,R,CHN,2B
254,CHN2019.ROS,barnt002,Barnette,Tony,R,R,CHN,P
255,CHN2019.ROS,boted002,Bote,David,R,R,CHN,2B
256,CHN2019.ROS,bracb001,Brach,Brad,R,R,CHN,P
257,CHN2019.ROS,bryak001,Bryant,Kris,R,R,CHN,3B
258,CHN2019.ROS,carav001,Caratini,Victor,B,R,CHN,C
259,CHN2019.ROS,castn001,Castellanos,Nick,R,R,CHN,3B
260,CHN2019.ROS,cedex001,Cedeno,Xavier,L,L,CHN,P
261,CHN2019.ROS,chatt001,Chatwood,Tyler,R,R,CHN,P
262,CHN2019.ROS,cishs001,Cishek,Steve,R,R,CHN,P
263,CHN2019.ROS,collt001,Collins,Tim,L,L,CHN,P
264,CHN2019.ROS,contw001,Contreras,Willson,R,R,CHN,C
265,CHN2019.ROS,darvy001,Darvish,Yu,R,R,CHN,P
266,CHN2019.ROS,davit004,Davis,Taylor,R,R,CHN,C
267,CHN2019.ROS,descd001,Descalso,Daniel,L,R,CHN,SS
268,CHN2019.ROS,edwac001,Edwards,Carl,R,R,CHN,P
269,CHN2019.ROS,garcr005,Garcia,Robel,B,R,CHN,2B
270,CHN2019.ROS,gonzc001,Gonzalez,Carlos,L,L,CHN,OF
271,CHN2019.ROS,hamec001,Hamels,Cole,L,L,CHN,P
272,CHN2019.ROS,happi001,Happ,Ian,B,R,CHN,2B
273,CHN2019.ROS,hendk001,Hendricks,Kyle,R,R,CHN,P
274,CHN2019.ROS,heywj001,Heyward,Jason,L,L,CHN,OF
275,CHN2019.ROS,hoern001,Hoerner,Nico,R,R,CHN,SS
276,CHN2019.ROS,holld003,Holland,Derek,B,L,CHN,P
277,CHN2019.ROS,hultd001,Hultzen,Danny,L,L,CHN,P
278,CHN2019.ROS,kempt001,Kemp,Tony,L,R,CHN,OF
279,CHN2019.ROS,kimbc001,Kimbrel,Craig,R,R,CHN,P
280,CHN2019.ROS,kintb001,Kintzler,Brandon,R,R,CHN,P
281,CHN2019.ROS,lestj001,Lester,Jon,L,L,CHN,P
282,CHN2019.ROS,lucrj001,Lucroy,Jonathan,R,R,CHN,C
283,CHN2019.ROS,maldm001,Maldonado,Martin,R,R,CHN,C
284,CHN2019.ROS,mapld001,Maples,Dillon,R,R,CHN,P
285,CHN2019.ROS,milla003,Mills,Alec,R,R,CHN,P
286,CHN2019.ROS,montm002,Montgomery,Mike,L,L,CHN,P
287,CHN2019.ROS,norwj001,Norwood,James,R,R,CHN,P
288,CHN2019.ROS,pheld001,Phelps,David,R,R,CHN,P
289,CHN2019.ROS,quinj001,Quintana,Jose,R,L,CHN,P
290,CHN2019.ROS,rizza001,Rizzo,Anthony,L,L,CHN,1B
291,CHN2019.ROS,rosar002,Rosario,Randy,L,L,CHN,P
292,CHN2019.ROS,russa002,Russell,Addison,R,R,CHN,2B
293,CHN2019.ROS,ryank002,Ryan,Kyle,L,L,CHN,P
294,CHN2019.ROS,schwk001,Schwarber,Kyle,L,R,CHN,OF
295,CHN2019.ROS,strop001,Strop,Pedro,R,R,CHN,P
296,CHN2019.ROS,unded001,Underwood,Duane,R,R,CHN,P
297,CHN2019.ROS,websa001,Webster,Allen,R,R,CHN,P
298,CHN2019.ROS,wickr001,Wick,Rowan,L,R,CHN,P
299,CHN2019.ROS,wiecb001,Wieck,Brad,L,L,CHN,P
300,CHN2019.ROS,zagum002,Zagunis,Mark,R,R,CHN,OF
301,CHN2019.ROS,zobrb001,Zobrist,Ben,B,R,CHN,2B
302,TEX2019.ROS,allak001,Allard,Kolby,L,L,TEX,P
303,TEX2019.ROS,andre001,Andrus,Elvis,R,R,TEX,SS
304,TEX2019.ROS,biddj001,Biddle,Jesse,L,L,TEX,P
305,TEX2019.ROS,birdk001,Bird,Kyle,L,L,TEX,P
306,TEX2019.ROS,burkb001,Burke,Brock,L,L,TEX,P
307,TEX2019.ROS,cabra002,Cabrera,Asdrubal,B,R,TEX,SS
308,TEX2019.ROS,calhw001,Calhoun,Willie,L,R,TEX,OF
309,TEX2019.ROS,carpd001,Carpenter,David,R,R,TEX,P
310,TEX2019.ROS,chavj001,Chavez,Jesse,R,R,TEX,P
311,TEX2019.ROS,choos001,Choo,Shin-Soo,L,L,TEX,OF
312,TEX2019.ROS,clase001,Clase,Emmanuel,R,R,TEX,P
313,TEX2019.ROS,deshd002,DeShields,Delino,R,R,TEX,OF
314,TEX2019.ROS,dowdk001,Dowdy,Kyle,R,R,TEX,P
315,TEX2019.ROS,fairp001,Fairbanks,Peter,R,R,TEX,P
316,TEX2019.ROS,farrl001,Farrell,Luke,L,R,TEX,P
317,TEX2019.ROS,fedet001,Federowicz,Tim,R,R,TEX,C
318,TEX2019.ROS,forsl001,Forsythe,Logan,R,R,TEX,2B
319,TEX2019.ROS,gallj002,Gallo,Joey,L,R,TEX,OF
320,TEX2019.ROS,gibai001,Gibaut,Ian,R,R,TEX,P
321,TEX2019.ROS,gomej002,Gomez,Jeanmar,R,R,TEX,P
322,TEX2019.ROS,guert002,Guerrieri,Taylor,R,R,TEX,P
323,TEX2019.ROS,guzmr001,Guzman,Ronald,L,L,TEX,1B
324,TEX2019.ROS,heart001,Hearn,Taylor,L,L,TEX,P
325,TEX2019.ROS,heins001,Heineman,Scott,R,R,TEX,OF
326,TEX2019.ROS,hernj004,Hernandez,Jonathan,R,R,TEX,P
327,TEX2019.ROS,huanw001,Huang,Wei-Chieh,R,R,TEX,P
328,TEX2019.ROS,juraa001,Jurado,Ariel,R,R,TEX,P
329,TEX2019.ROS,kells001,Kelley,Shawn,R,R,TEX,P
330,TEX2019.ROS,kinei001,Kiner-Falefa,Isiah,R,R,TEX,3B
331,TEX2019.ROS,leclj001,Leclerc,Jose,R,R,TEX,P
332,TEX2019.ROS,lynnl001,Lynn,Lance,B,R,TEX,P
333,TEX2019.ROS,martb002,Martin,Brett,L,L,TEX,P
334,TEX2019.ROS,martc007,Martin,Chris,R,R,TEX,P
335,TEX2019.ROS,mathj001,Mathis,Jeff,R,R,TEX,C
336,TEX2019.ROS,mazan001,Mazara,Nomar,L,L,TEX,OF
337,TEX2019.ROS,mendy001,Mendez,Yohander,L,L,TEX,P
338,TEX2019.ROS,mills001,Miller,Shelby,R,R,TEX,P
339,TEX2019.ROS,minom001,Minor,Mike,R,L,TEX,P
340,TEX2019.ROS,montr004,Montero,Rafael,R,R,TEX,P
341,TEX2019.ROS,odorr001,Odor,Rougned,L,R,TEX,2B
342,TEX2019.ROS,paluj001,Palumbo,Joe,L,L,TEX,P
343,TEX2019.ROS,payap001,Payano,Pedro,R,R,TEX,P
344,TEX2019.ROS,pench001,Pence,Hunter,R,R,TEX,OF
345,TEX2019.ROS,sampa001,Sampson,Adrian,R,R,TEX,P
346,TEX2019.ROS,santd001,Santana,Danny,B,R,TEX,OF
347,TEX2019.ROS,smyld001,Smyly,Drew,L,L,TEX,P
348,TEX2019.ROS,solan001,Solak,Nick,R,R,TEX,2B
349,TEX2019.ROS,sprij001,Springs,Jeffrey,L,L,TEX,P
350,TEX2019.ROS,stjol001,St. John,Locke,L,L,TEX,P
351,TEX2019.ROS,trevj001,Trevino,Jose,R,R,TEX,C
352,TEX2019.ROS,valdp002,Valdez,Phillips,R,R,TEX,P
353,TEX2019.ROS,volqe001,Volquez,Edinson,R,R,TEX,P
354,TEX2019.ROS,wisdp001,Wisdom,Patrick,R,R,TEX,3B
355,NYA2019.ROS,adamc002,Adams,Chance,R,R,NYA,P
356,NYA2019.ROS,andum001,Andujar,Miguel,R,R,NYA,3B
357,NYA2019.ROS,barrj002,Barrett,Jake,R,R,NYA,P
358,NYA2019.ROS,betad001,Betances,Dellin,R,R,NYA,P
359,NYA2019.ROS,birdg001,Bird,Greg,L,R,NYA,1B
360,NYA2019.ROS,britz001,Britton,Zack,L,L,NYA,P
361,NYA2019.ROS,cessl001,Cessa,Luis,R,R,NYA,P
362,NYA2019.ROS,chapa001,Chapman,Aroldis,L,L,NYA,P
363,NYA2019.ROS,cortn001,Cortes,Nestor,R,L,NYA,P
364,NYA2019.ROS,dullr001,Dull,Ryan,R,R,NYA,P
365,NYA2019.ROS,encae001,Encarnacion,Edwin,R,R,NYA,DH
366,NYA2019.ROS,estrt001,Estrada,Thairo,R,R,NYA,SS
367,NYA2019.ROS,fordm002,Ford,Mike,L,R,NYA,1B
368,NYA2019.ROS,frazc001,Frazier,Clint,R,R,NYA,OF
369,NYA2019.ROS,gardb001,Gardner,Brett,L,L,NYA,OF
370,NYA2019.ROS,gearc001,Gearrin,Cory,R,R,NYA,P
371,NYA2019.ROS,germd001,German,Domingo,R,R,NYA,P
372,NYA2019.ROS,greec003,Green,Chad,L,R,NYA,P
373,NYA2019.ROS,gregd001,Gregorius,Didi,L,R,NYA,SS
374,NYA2019.ROS,haled001,Hale,David,R,R,NYA,P
375,NYA2019.ROS,happj001,Happ,J.A.,L,L,NYA,P
376,NYA2019.ROS,harvj001,Harvey,Joe,R,R,NYA,P
377,NYA2019.ROS,hellb001,Heller,Ben,R,R,NYA,P
378,NYA2019.ROS,hicka001,Hicks,Aaron,B,R,NYA,OF
379,NYA2019.ROS,higak001,Higashioka,Kyle,R,R,NYA,C
380,NYA2019.ROS,holdj002,Holder,Jonathan,R,R,NYA,P
381,NYA2019.ROS,judga001,Judge,Aaron,R,R,NYA,OF
382,NYA2019.ROS,kahnt001,Kahnle,Tommy,R,R,NYA,P
383,NYA2019.ROS,kingm002,King,Michael,R,R,NYA,P
384,NYA2019.ROS,lailb001,Lail,Brady,R,R,NYA,P
385,NYA2019.ROS,lemad001,LeMahieu,DJ,R,R,NYA,2B
386,NYA2019.ROS,loaij001,Loaisiga,Jonathan,R,R,NYA,P
387,NYA2019.ROS,lyont001,Lyons,Tyler,B,L,NYA,P
388,NYA2019.ROS,mantj002,Mantiply,Joe,R,L,NYA,P
389,NYA2019.ROS,maybc001,Maybin,Cameron,R,R,NYA,OF
390,NYA2019.ROS,montj004,Montgomery,Jordan,L,L,NYA,P
391,NYA2019.ROS,morak001,Morales,Kendrys,B,R,NYA,DH
392,NYA2019.ROS,ottaa001,Ottavino,Adam,B,R,NYA,P
393,NYA2019.ROS,paxtj001,Paxton,James,L,L,NYA,P
394,NYA2019.ROS,romia002,Romine,Austin,R,R,NYA,C
395,NYA2019.ROS,rosaa004,Rosa,Adonis,R,R,NYA,P
396,NYA2019.ROS,sabac001,Sabathia,CC,L,L,NYA,P
397,NYA2019.ROS,sancg002,Sanchez,Gary,R,R,NYA,C
398,NYA2019.ROS,sevel001,Severino,Luis,R,R,NYA,P
399,NYA2019.ROS,stanm004,Stanton,Giancarlo,R,R,NYA,OF
400,NYA2019.ROS,tanam001,Tanaka,Masahiro,R,R,NYA,P
401,NYA2019.ROS,taucm001,Tauchman,Mike,L,L,NYA,OF
402,NYA2019.ROS,tarps001,Tarpley,Stephen,R,L,NYA,P
403,NYA2019.ROS,torrg001,Torres,Gleyber,R,R,NYA,2B
404,NYA2019.ROS,tulot001,Tulowitzki,Troy,R,R,NYA,SS
405,NYA2019.ROS,urshg001,Urshela,Gio,R,R,NYA,3B
406,NYA2019.ROS,valeb001,Valera,Breyvic,B,R,NYA,2B
407,NYA2019.ROS,voitl001,Voit,Luke,R,R,NYA,1B
408,NYA2019.ROS,wadet002,Wade,Tyler,L,R,NYA,P
409,DET2019.ROS,adama001,Adams,Austin,R,R,DET,P
410,DET2019.ROS,alcav001,Alcantara,Victor,R,R,DET,P
411,DET2019.ROS,alext001,Alexander,Tyler,R,L,DET,P
412,DET2019.ROS,baezs001,Baez,Sandy,R,R,DET,P
413,DET2019.ROS,beckg001,Beckham,Gordon,R,R,DET,3B
414,DET2019.ROS,boydm001,Boyd,Matt,L,L,DET,P
415,DET2019.ROS,cabrm001,Cabrera,Miguel,R,R,DET,1B
416,DET2019.ROS,candj002,Candelario,Jeimer,B,R,DET,3B
417,DET2019.ROS,carpr001,Carpenter,Ryan,L,L,DET,P
418,DET2019.ROS,castn001,Castellanos,Nick,R,R,DET,3B
419,DET2019.ROS,casth001,Castro,Harold,L,R,DET,3B
420,DET2019.ROS,castw003,Castro,Willi,B,R,DET,SS
421,DET2019.ROS,cisnj001,Cisnero,Jose,R,R,DET,P
422,DET2019.ROS,demet001,Demeritte,Travis,R,R,DET,OF
423,DET2019.ROS,dixob001,Dixon,Brandon,R,R,DET,OF
424,DET2019.ROS,farmb001,Farmer,Buck,L,R,DET,P
425,DET2019.ROS,fernj005,Fernandez,Jose,L,L,DET,P
426,DET2019.ROS,garcb001,Garcia,Bryan,R,R,DET,P
427,DET2019.ROS,garrr001,Garrett,Reed,R,R,DET,P
428,DET2019.ROS,goodn002,Goodrum,Niko,B,R,DET,OF
429,DET2019.ROS,grees005,Greene,Shane,R,R,DET,P
430,DET2019.ROS,greig001,Greiner,Grayson,R,R,DET,C
431,DET2019.ROS,hallm002,Hall,Matt,L,L,DET,P
432,DET2019.ROS,hardb001,Hardy,Blaine,L,L,DET,P
433,DET2019.ROS,harrj002,Harrison,Josh,R,R,DET,3B
434,DET2019.ROS,hickj001,Hicks,John,R,R,DET,C
435,DET2019.ROS,jacke001,Jackson,Edwin,R,R,DET,P
436,DET2019.ROS,jimee002,Jimenez,Eduardo,R,R,DET,P
437,DET2019.ROS,jimej003,Jimenez,Joe,R,R,DET,P
438,DET2019.ROS,jonej006,Jones,JaCoby,R,R,DET,3B
439,DET2019.ROS,lugod001,Lugo,Dawel,R,R,DET,2B
440,DET2019.ROS,mahtm001,Mahtook,Mikie,R,R,DET,OF
441,DET2019.ROS,mckad001,McKay,David,R,R,DET,P
442,DET2019.ROS,mercj002,Mercer,Jordy,R,R,DET,SS
443,DET2019.ROS,moorm003,Moore,Matt,L,L,DET,P
444,DET2019.ROS,norrd002,Norris,Daniel,L,L,DET,P
445,DET2019.ROS,peted002,Peterson,Dustin,R,R,DET,OF
446,DET2019.ROS,ramin003,Ramirez,Nick,L,L,DET,P
447,DET2019.ROS,reinz001,Reininger,Zac,B,R,DET,P
448,DET2019.ROS,reyev001,Reyes,Victor,B,R,DET,OF
449,DET2019.ROS,rodrr009,Rodriguez,Ronny,R,R,DET,3B
450,DET2019.ROS,rogej004,Rogers,Jake,R,R,DET,C
451,DET2019.ROS,roset001,Rosenthal,Trevor,R,R,DET,P
452,DET2019.ROS,rosst001,Ross,Tyson,R,R,DET,P
453,DET2019.ROS,schrj001,Schreiber,John,R,R,DET,P
454,DET2019.ROS,sotog003,Soto,Gregory,L,L,DET,P
455,DET2019.ROS,stewc002,Stewart,Christin,L,R,DET,OF
456,DET2019.ROS,stumd001,Stumpf,Daniel,L,L,DET,P
457,DET2019.ROS,torrc001,Torres,Carlos,R,R,DET,P
458,DET2019.ROS,turns003,Turnbull,Spencer,R,R,DET,P
459,DET2019.ROS,verhd001,VerHagen,Drew,R,R,DET,P
460,DET2019.ROS,wilsb002,Wilson,Bobby,R,R,DET,C
461,DET2019.ROS,zimmj003,Zimmermann,Jordan,R,R,DET,P
462,CIN2019.ROS,alanr001,Alaniz,R.J.,R,R,CIN,P
463,CIN2019.ROS,aquia001,Aquino,Aristides,R,R,CIN,OF
464,CIN2019.ROS,barnt001,Barnhart,Tucker,B,R,CIN,C
465,CIN2019.ROS,bauet001,Bauer,Trevor,R,R,CIN,P
466,CIN2019.ROS,blana002,Blandino,Alex,R,R,CIN,2B
467,CIN2019.ROS,bowmm001,Bowman,Matt,R,R,CIN,P
468,CIN2019.ROS,casac001,Casali,Curt,R,R,CIN,C
469,CIN2019.ROS,castl003,Castillo,Luis,R,R,CIN,P
470,CIN2019.ROS,coloc002,Colon,Christian,R,R,CIN,SS
471,CIN2019.ROS,desca001,DeSclafani,Anthony,R,R,CIN,P
472,CIN2019.ROS,dietd001,Dietrich,Derek,L,R,CIN,OF
473,CIN2019.ROS,dukez001,Duke,Zach,L,L,CIN,P
474,CIN2019.ROS,ervip001,Ervin,Phillip,R,R,CIN,OF
475,CIN2019.ROS,farmk001,Farmer,Kyle,R,R,CIN,C
476,CIN2019.ROS,garra001,Garrett,Amir,R,L,CIN,P
477,CIN2019.ROS,galvf001,Galvis,Freddy,B,R,CIN,SS
478,CIN2019.ROS,gausk001,Gausman,Kevin,L,R,CIN,P
479,CIN2019.ROS,genns001,Gennett,Scooter,L,R,CIN,2B
480,CIN2019.ROS,gratj001,Graterol,Juan,R,R,CIN,C
481,CIN2019.ROS,grays001,Gray,Sonny,R,R,CIN,P
482,CIN2019.ROS,hergj001,Herget,Jimmy,R,R,CIN,P
483,CIN2019.ROS,hernd002,Hernandez,David,R,R,CIN,P
484,CIN2019.ROS,hughj001,Hughes,Jared,R,R,CIN,P
485,CIN2019.ROS,iglej001,Iglesias,Jose,R,R,CIN,SS
486,CIN2019.ROS,igler001,Iglesias,Raisel,R,R,CIN,P
487,CIN2019.ROS,kempm001,Kemp,Matt,R,R,CIN,OF
488,CIN2019.ROS,kuhnj001,Kuhnel,Joel,R,R,CIN,P
489,CIN2019.ROS,lavar001,Lavarnway,Ryan,R,R,CIN,C
490,CIN2019.ROS,lorem002,Lorenzen,Michael,R,R,CIN,P
491,CIN2019.ROS,mahlt001,Mahle,Tyler,R,R,CIN,P
492,CIN2019.ROS,mellk001,Mella,Keury,R,R,CIN,P
493,CIN2019.ROS,ograb001,O'Grady,Brian,L,R,CIN,1B
494,CIN2019.ROS,peraj003,Peraza,Jose,R,R,CIN,2B
495,CIN2019.ROS,peraw002,Peralta,Wandy,L,L,CIN,P
496,CIN2019.ROS,puigy001,Puig,Yasiel,R,R,CIN,OF
497,CIN2019.ROS,reedc002,Reed,Cody,L,L,CIN,P
498,CIN2019.ROS,roart001,Roark,Tanner,R,R,CIN,P
499,CIN2019.ROS,romas001,Romano,Sal,L,R,CIN,P
500,CIN2019.ROS,sches001,Schebler,Scott,L,R,CIN,OF
501,CIN2019.ROS,senzn001,Senzel,Nick,R,R,CIN,OF
502,CIN2019.ROS,simsl001,Sims,Lucas,R,R,CIN,P
503,CIN2019.ROS,stepr002,Stephenson,Robert,R,R,CIN,P
504,CIN2019.ROS,suare001,Suarez,Eugenio,R,R,CIN,SS
505,CIN2019.ROS,vanmj001,VanMeter,Josh,L,R,CIN,2B
506,CIN2019.ROS,vottj001,Votto,Joey,L,R,CIN,1B
507,CIN2019.ROS,winkj002,Winker,Jesse,L,L,CIN,OF
508,CIN2019.ROS,wooda002,Wood,Alex,R,L,CIN,P
509,BAL2019.ROS,albeh001,Alberto,Hanser,R,R,BAL,2B
510,BAL2019.ROS,araup001,Araujo,Pedro,R,R,BAL,P
511,BAL2019.ROS,armss001,Armstrong,Shawn,R,R,BAL,P
512,BAL2019.ROS,blact002,Blach,Ty,R,L,BAL,P
513,BAL2019.ROS,bleir001,Bleier,Richard,L,L,BAL,P
514,BAL2019.ROS,brooa001,Brooks,Aaron,R,R,BAL,P
515,BAL2019.ROS,broxk001,Broxton,Keon,R,R,BAL,OF
516,BAL2019.ROS,bundd001,Bundy,Dylan,B,R,BAL,P
517,BAL2019.ROS,casha001,Cashner,Andrew,R,R,BAL,P
518,BAL2019.ROS,castm002,Castro,Miguel,R,R,BAL,P
519,BAL2019.ROS,cobba001,Cobb,Alex,R,R,BAL,P
520,BAL2019.ROS,davic003,Davis,Chris,L,R,BAL,1B
521,BAL2019.ROS,eader001,Eades,Ryan,R,R,BAL,P
522,BAL2019.ROS,eshet001,Eshelman,Tom,R,R,BAL,P
523,BAL2019.ROS,fry-p001,Fry,Paul,L,L,BAL,P
524,BAL2019.ROS,gilms001,Gilmartin,Sean,L,L,BAL,P
525,BAL2019.ROS,givem001,Givens,Mychal,R,R,BAL,P
526,BAL2019.ROS,harvh001,Harvey,Hunter,R,R,BAL,P
527,BAL2019.ROS,haysa001,Hays,Austin,R,R,BAL,OF
528,BAL2019.ROS,hessd001,Hess,David,R,R,BAL,P
529,BAL2019.ROS,jackd004,Jackson,Drew,R,R,BAL,SS
530,BAL2019.ROS,karnn001,Karns,Nate,R,R,BAL,P
531,BAL2019.ROS,klinb001,Kline,Branden,R,R,BAL,P
532,BAL2019.ROS,lucaj001,Lucas,Josh,R,R,BAL,P
533,BAL2019.ROS,manct001,Mancini,Trey,R,R,BAL,1B
534,BAL2019.ROS,martr006,Martin,Richie,R,R,BAL,SS
535,BAL2019.ROS,meanj001,Means,John,L,L,BAL,P
536,BAL2019.ROS,mullc002,Mullins,Cedric,B,L,BAL,OF
537,BAL2019.ROS,nuner001,Nunez,Renato,R,R,BAL,3B
538,BAL2019.ROS,ortil002,Ortiz,Luis,R,R,BAL,P
539,BAL2019.ROS,petej002,Peterson,Jace,L,R,BAL,2B
540,BAL2019.ROS,phile001,Phillips,Evan,R,R,BAL,P
541,BAL2019.ROS,ramiy001,Ramirez,Yefry,R,R,BAL,P
542,BAL2019.ROS,rickj001,Rickard,Joey,R,L,BAL,OF
543,BAL2019.ROS,rogej003,Rogers,Josh,L,L,BAL,P
544,BAL2019.ROS,rondj002,Rondon,Jose,R,R,BAL,SS
545,BAL2019.ROS,ruizr002,Ruiz,Rio,L,R,BAL,3B
546,BAL2019.ROS,santa003,Santander,Anthony,B,R,BAL,OF
547,BAL2019.ROS,scott003,Scott,Tanner,R,L,BAL,P
548,BAL2019.ROS,scott004,Scott,Tayler,R,R,BAL,P
549,BAL2019.ROS,sevep001,Severino,Pedro,R,R,BAL,C
550,BAL2019.ROS,shepc001,Shepherd,Chandler,R,R,BAL,P
551,BAL2019.ROS,siscc001,Sisco,Chance,L,R,BAL,C
552,BAL2019.ROS,smitd007,Smith,Dwight,L,R,BAL,OF
553,BAL2019.ROS,stewd002,Stewart,DJ,L,R,BAL,OF
554,BAL2019.ROS,strad003,Straily,Dan,R,R,BAL,P
555,BAL2019.ROS,sucrj001,Sucre,Jesus,R,R,BAL,C
556,BAL2019.ROS,tated001,Tate,Dillon,R,R,BAL,P
557,BAL2019.ROS,trumm001,Trumbo,Mark,R,R,BAL,OF
558,BAL2019.ROS,villj001,Villar,Jonathan,B,R,BAL,SS
559,BAL2019.ROS,wilks001,Wilkerson,Steve,B,R,BAL,3B
560,BAL2019.ROS,willm007,Williams,Mason,L,R,BAL,OF
561,BAL2019.ROS,wojca001,Wojciechowski,Asher,R,R,BAL,P
562,BAL2019.ROS,wothm001,Wotherspoon,Matt,R,R,BAL,P
563,BAL2019.ROS,wrigm001,Wright,Mike,R,R,BAL,P
564,BAL2019.ROS,wynna001,Wynns,Austin,R,R,BAL,C
565,BAL2019.ROS,yacaj001,Yacabonis,Jimmy,R,R,BAL,P
566,BAL2019.ROS,ynoag001,Ynoa,Gabriel,R,R,BAL,P
567,KCA2019.ROS,arteh001,Arteaga,Humberto,R,R,KCA,SS
568,KCA2019.ROS,bailh001,Bailey,Homer,R,R,KCA,P
569,KCA2019.ROS,barls001,Barlow,Scott,R,R,KCA,P
570,KCA2019.ROS,barnj002,Barnes,Jacob,R,R,KCA,P
571,KCA2019.ROS,bonij002,Bonifacio,Jorge,R,R,KCA,OF
572,KCA2019.ROS,boxbb001,Boxberger,Brad,R,R,KCA,P
573,KCA2019.ROS,cuthc001,Cuthbert,Cheslor,R,R,KCA,3B
574,KCA2019.ROS,diekj001,Diekman,Jake,L,L,KCA,P
575,KCA2019.ROS,dinin001,Dini,Nick,R,R,KCA,C
576,KCA2019.ROS,dozih001,Dozier,Hunter,R,R,KCA,OF
577,KCA2019.ROS,dudal001,Duda,Lucas,L,R,KCA,1B
578,KCA2019.ROS,duffd001,Duffy,Danny,L,L,KCA,P
579,KCA2019.ROS,ellic001,Ellis,Chris,L,R,KCA,P
580,KCA2019.ROS,fillh001,Fillmyer,Heath,R,R,KCA,P
581,KCA2019.ROS,flynb001,Flynn,Brian,L,L,KCA,P
582,KCA2019.ROS,gallc001,Gallagher,Cam,R,R,KCA,C
583,KCA2019.ROS,gorda001,Gordon,Alex,L,R,KCA,OF
584,KCA2019.ROS,goret001,Gore,Terrance,R,R,KCA,OF
585,KCA2019.ROS,gutik001,Gutierrez,Kelvin,R,R,KCA,3B
586,KCA2019.ROS,hamib001,Hamilton,Billy,B,R,KCA,OF
587,KCA2019.ROS,hahnj001,Hahn,Jesse,R,R,KCA,P
588,KCA2019.ROS,hillt002,Hill,Tim,L,L,KCA,P
589,KCA2019.ROS,junij001,Junis,Jake,R,R,KCA,P
590,KCA2019.ROS,kellb003,Keller,Brad,R,R,KCA,P
591,KCA2019.ROS,kenni001,Kennedy,Ian,R,R,KCA,P
592,KCA2019.ROS,liveb001,Lively,Ben,R,R,KCA,P
593,KCA2019.ROS,lopej004,Lopez,Jorge,R,R,KCA,P
594,KCA2019.ROS,lopen001,Lopez,Nicky,L,R,KCA,SS
595,KCA2019.ROS,lover001,Lovelady,Richard,L,L,KCA,P
596,KCA2019.ROS,maldm001,Maldonado,Martin,R,R,KCA,C
597,KCA2019.ROS,mcbrr001,McBroom,Ryan,R,L,KCA,1B
598,KCA2019.ROS,mccak002,McCarthy,Kevin,R,R,KCA,P
599,KCA2019.ROS,mejie001,Mejia,Erick,B,R,KCA,2B
600,KCA2019.ROS,merrw001,Merrifield,Whit,R,R,KCA,OF
601,KCA2019.ROS,mondr003,Mondesi,Adalberto,B,R,KCA,SS
602,KCA2019.ROS,montm002,Montgomery,Mike,L,L,KCA,P
603,KCA2019.ROS,newbj001,Newberry,Jake,R,R,KCA,P
604,KCA2019.ROS,ohear001,O'Hearn,Ryan,L,L,KCA,1B
605,KCA2019.ROS,owinc001,Owings,Chris,R,R,KCA,2B
606,KCA2019.ROS,peraw001,Peralta,Wily,R,R,KCA,P
607,KCA2019.ROS,philb002,Phillips,Brett,L,R,KCA,OF
608,KCA2019.ROS,rosar002,Rosario,Randy,L,L,KCA,P
609,KCA2019.ROS,schwf001,Schwindel,Frank,R,R,KCA,1B
610,KCA2019.ROS,skoge001,Skoglund,Eric,L,L,KCA,P
611,KCA2019.ROS,solej001,Soler,Jorge,R,R,KCA,OF
612,KCA2019.ROS,sparg001,Sparkman,Glenn,B,R,KCA,P
613,KCA2019.ROS,speig001,Speier,Gabe,L,L,KCA,P
614,KCA2019.ROS,starb001,Starling,Bubba,R,R,KCA,OF
615,KCA2019.ROS,stauj001,Staumont,Josh,R,R,KCA,P
616,KCA2019.ROS,vilom001,Viloria,Meibrys,L,R,KCA,C
617,KCA2019.ROS,zimmk001,Zimmer,Kyle,R,R,KCA,P
618,LAN2019.ROS,alexs001,Alexander,Scott,L,L,LAN,P
619,LAN2019.ROS,baezp001,Baez,Pedro,R,R,LAN,P
620,LAN2019.ROS,barna001,Barnes,Austin,R,R,LAN,C
621,LAN2019.ROS,beatm001,Beaty,Matt,L,R,LAN,1B
622,LAN2019.ROS,bellc002,Bellinger,Cody,L,L,LAN,1B
623,LAN2019.ROS,buehw001,Buehler,Walker,R,R,LAN,P
624,LAN2019.ROS,charj001,Chargois,J.T.,B,R,LAN,P
625,LAN2019.ROS,darnt001,d'Arnaud,Travis,R,R,LAN,C
626,LAN2019.ROS,fergc001,Ferguson,Caleb,R,L,LAN,P
627,LAN2019.ROS,flord002,Floro,Dylan,L,R,LAN,P
628,LAN2019.ROS,freed001,Freese,David,R,R,LAN,3B
629,LAN2019.ROS,galer002,Gale,Rocky,R,R,LAN,C
630,LAN2019.ROS,garcy001,Garcia,Yimi,R,R,LAN,P
631,LAN2019.ROS,garlk001,Garlick,Kyle,R,R,LAN,OF
632,LAN2019.ROS,gonst001,Gonsolin,Tony,R,R,LAN,P
633,LAN2019.ROS,gyorj001,Gyorko,Jedd,R,R,LAN,2B
634,LAN2019.ROS,herne001,Hernandez,Enrique,R,R,LAN,OF
635,LAN2019.ROS,hillr001,Hill,Rich,L,L,LAN,P
636,LAN2019.ROS,jansk001,Jansen,Kenley,B,R,LAN,P
637,LAN2019.ROS,kellj001,Kelly,Joe,R,R,LAN,P
638,LAN2019.ROS,kersc001,Kershaw,Clayton,L,L,LAN,P
639,LAN2019.ROS,kolaa001,Kolarek,Adam,L,L,LAN,P
640,LAN2019.ROS,lux-g001,Lux,Gavin,L,R,LAN,2B
641,LAN2019.ROS,maedk001,Maeda,Kenta,R,R,LAN,P
642,LAN2019.ROS,martr004,Martin,Russell,R,R,LAN,C
643,LAN2019.ROS,may-d003,May,Dustin,R,R,LAN,P
644,LAN2019.ROS,muncm001,Muncy,Max,L,R,LAN,1B
645,LAN2019.ROS,negrk001,Negron,Kristopher,R,R,LAN,OF
646,LAN2019.ROS,pedej001,Pederson,Joc,L,L,LAN,OF
647,LAN2019.ROS,polla001,Pollock,A.J.,R,R,LAN,OF
648,LAN2019.ROS,riose001,Rios,Edwin,L,R,LAN,3B
649,LAN2019.ROS,rossz001,Rosscup,Zac,R,L,LAN,P
650,LAN2019.ROS,ryu-h001,Ryu,Hyun-Jin,R,L,LAN,P
651,LAN2019.ROS,sadlc002,Sadler,Casey,R,R,LAN,P
652,LAN2019.ROS,santd003,Santana,Dennis,R,R,LAN,P
653,LAN2019.ROS,sborj002,Sborz,Josh,R,R,LAN,P
654,LAN2019.ROS,schuj002,Schultz,Jaime,R,R,LAN,P
655,LAN2019.ROS,seagc001,Seager,Corey,L,R,LAN,SS
656,LAN2019.ROS,smitw003,Smith,Will,R,R,LAN,C
657,LAN2019.ROS,stewb001,Stewart,Brock,L,R,LAN,P
658,LAN2019.ROS,strir001,Stripling,Ross,R,R,LAN,P
659,LAN2019.ROS,taylc001,Taylor,Chris,R,R,LAN,SS
660,LAN2019.ROS,turnj001,Turner,Justin,R,R,LAN,3B
661,LAN2019.ROS,uriaj001,Urias,Julio,L,L,LAN,P
662,LAN2019.ROS,verda001,Verdugo,Alex,L,L,LAN,OF
663,LAN2019.ROS,whitt002,White,Tyler,R,R,LAN,1B
664,PIT2019.ROS,archc001,Archer,Chris,R,R,PIT,P
665,PIT2019.ROS,agrad001,Agrazal,Dario,R,R,PIT,P
666,PIT2019.ROS,baros002,Baron,Steve,R,R,PIT,C
667,PIT2019.ROS,bellj005,Bell,Josh,B,R,PIT,1B
668,PIT2019.ROS,braus002,Brault,Steven,L,L,PIT,P
669,PIT2019.ROS,burdn001,Burdi,Nick,R,R,PIT,P
670,PIT2019.ROS,cabrm002,Cabrera,Melky,B,L,PIT,OF
671,PIT2019.ROS,cervf001,Cervelli,Francisco,R,R,PIT,C
672,PIT2019.ROS,crick001,Crick,Kyle,L,R,PIT,P
673,PIT2019.ROS,davir004,Davis,Rookie,R,R,PIT,P
674,PIT2019.ROS,diaze005,Diaz,Elias,R,R,PIT,C
675,PIT2019.ROS,dickc002,Dickerson,Corey,L,R,PIT,OF
676,PIT2019.ROS,duram002,DuRapau,Montana,R,R,PIT,P
677,PIT2019.ROS,elmoj001,Elmore,Jake,R,R,PIT,2B
678,PIT2019.ROS,escol001,Escobar,Luis,R,R,PIT,P
679,PIT2019.ROS,felim001,Feliz,Michael,R,R,PIT,P
680,PIT2019.ROS,fraza001,Frazier,Adam,L,R,PIT,OF
681,PIT2019.ROS,gonze004,Gonzalez,Erik,R,R,PIT,SS
682,PIT2019.ROS,hartg001,Hartlieb,Geoff,R,R,PIT,P
683,PIT2019.ROS,holmc001,Holmes,Clay,R,R,PIT,P
684,PIT2019.ROS,jerew001,Jerez,Williams,L,L,PIT,P
685,PIT2019.ROS,josec001,Joseph,Corban,L,R,PIT,1B
686,PIT2019.ROS,kangj001,Kang,Jung Ho,R,R,PIT,3B
687,PIT2019.ROS,kelak001,Kela,Keone,R,R,PIT,P
688,PIT2019.ROS,kellm003,Keller,Mitch,R,R,PIT,P
689,PIT2019.ROS,kingn001,Kingham,Nick,R,R,PIT,P
690,PIT2019.ROS,kramk001,Kramer,Kevin,L,R,PIT,2B
691,PIT2019.ROS,lirif001,Liriano,Francisco,L,L,PIT,P
692,PIT2019.ROS,lylej001,Lyles,Jordan,R,R,PIT,P
693,PIT2019.ROS,lyont001,Lyons,Tyler,B,L,PIT,P
694,PIT2019.ROS,markp001,Markel,Parker,R,R,PIT,P
695,PIT2019.ROS,marts002,Marte,Starling,R,R,PIT,OF
696,PIT2019.ROS,martj009,Martin,Jason,L,R,PIT,OF
697,PIT2019.ROS,marvj001,Marvel,James,R,R,PIT,P
698,PIT2019.ROS,mcraa001,McRae,Alex,R,R,PIT,P
699,PIT2019.ROS,morac001,Moran,Colin,L,R,PIT,3B
700,PIT2019.ROS,musgj001,Musgrove,Joe,R,R,PIT,P
701,PIT2019.ROS,neved001,Neverauskas,Dovydas,R,R,PIT,P
702,PIT2019.ROS,newmk001,Newman,Kevin,R,R,PIT,2B
703,PIT2019.ROS,osunj001,Osuna,Jose,R,R,PIT,OF
704,PIT2019.ROS,polag001,Polanco,Gregory,L,L,PIT,OF
705,PIT2019.ROS,ramiy001,Ramirez,Yefry,R,R,PIT,P
706,PIT2019.ROS,reyep001,Reyes,Pablo,R,R,PIT,OF
707,PIT2019.ROS,reynb001,Reynolds,Bryan,B,R,PIT,OF
708,PIT2019.ROS,riosy001,Rios,Yacksel,R,R,PIT,P
709,PIT2019.ROS,rodrr008,Rodriguez,Richard,R,R,PIT,P
710,PIT2019.ROS,shucj001,Shuck,J.B.,L,L,PIT,OF
711,PIT2019.ROS,stalj001,Stallings,Jacob,R,R,PIT,C
712,PIT2019.ROS,strac001,Stratton,Chris,R,R,PIT,P
713,PIT2019.ROS,tailj001,Taillon,Jameson,R,R,PIT,P
714,PIT2019.ROS,tuckc001,Tucker,Cole,B,R,PIT,SS
715,PIT2019.ROS,rivef001,Vazquez,Felipe,L,L,PIT,P
716,PIT2019.ROS,wangw001,Wang,Wei-Chung,L,L,PIT,P
717,PIT2019.ROS,willt002,Williams,Trevor,R,R,PIT,P
718,CLE2019.ROS,alleg002,Allen,Greg,B,R,CLE,OF
719,CLE2019.ROS,allel002,Allen,Logan,R,L,CLE,P
720,CLE2019.ROS,andec002,Anderson,Cody,R,R,CLE,P
721,CLE2019.ROS,bauej001,Bauers,Jake,L,L,CLE,1B
722,CLE2019.ROS,bauet001,Bauer,Trevor,R,R,CLE,P
723,CLE2019.ROS,biebs001,Bieber,Shane,R,R,CLE,P
724,CLE2019.ROS,bradb002,Bradley,Bobby,L,R,CLE,1B
725,CLE2019.ROS,carrc003,Carrasco,Carlos,R,R,CLE,P
726,CLE2019.ROS,chany001,Chang,Yu,R,R,CLE,SS
727,CLE2019.ROS,cimba001,Cimber,Adam,R,R,CLE,P
728,CLE2019.ROS,civaa001,Civale,Aaron,R,R,CLE,P
729,CLE2019.ROS,clevm001,Clevinger,Mike,R,R,CLE,P
730,CLE2019.ROS,clipt001,Clippard,Tyler,R,R,CLE,P
731,CLE2019.ROS,colea002,Cole,A.J.,R,R,CLE,P
732,CLE2019.ROS,edwaj001,Edwards,Jon,R,R,CLE,P
733,CLE2019.ROS,flahr001,Flaherty,Ryan,L,R,CLE,2B
734,CLE2019.ROS,freem002,Freeman,Mike,L,R,CLE,1B
735,CLE2019.ROS,gonzc001,Gonzalez,Carlos,L,L,CLE,OF
736,CLE2019.ROS,goodn001,Goody,Nick,R,R,CLE,P
737,CLE2019.ROS,haase001,Haase,Eric,R,R,CLE,C
738,CLE2019.ROS,handb001,Hand,Brad,L,L,CLE,P
739,CLE2019.ROS,hoytj001,Hoyt,James,R,R,CLE,P
740,CLE2019.ROS,karij001,Karinchak,James,R,R,CLE,P
741,CLE2019.ROS,kipnj001,Kipnis,Jason,L,R,CLE,2B
742,CLE2019.ROS,klubc001,Kluber,Corey,R,R,CLE,P
743,CLE2019.ROS,lindf001,Lindor,Francisco,B,R,CLE,SS
744,CLE2019.ROS,luplj001,Luplow,Jordan,R,R,CLE,OF
745,CLE2019.ROS,martl004,Martin,Leonys,L,R,CLE,OF
746,CLE2019.ROS,matop002,Maton,Phil,R,R,CLE,P
747,CLE2019.ROS,merco003,Mercado,Oscar,R,R,CLE,OF
748,CLE2019.ROS,millb002,Miller,Brad,L,R,CLE,SS
749,CLE2019.ROS,morom001,Moroff,Max,B,R,CLE,2B
750,CLE2019.ROS,naqut001,Naquin,Tyler,L,R,CLE,OF
751,CLE2019.ROS,olsot002,Olson,Tyler,R,L,CLE,P
752,CLE2019.ROS,oterd001,Otero,Dan,R,R,CLE,P
753,CLE2019.ROS,pereo002,Perez,Oliver,L,L,CLE,P
754,CLE2019.ROS,perer003,Perez,Roberto,R,R,CLE,C
755,CLE2019.ROS,plawk001,Plawecki,Kevin,R,R,CLE,C
756,CLE2019.ROS,plesz001,Plesac,Zach,R,R,CLE,P
757,CLE2019.ROS,pluta001,Plutko,Adam,R,R,CLE,P
758,CLE2019.ROS,puigy001,Puig,Yasiel,R,R,CLE,OF
759,CLE2019.ROS,ramih003,Ramirez,Hanley,R,R,CLE,SS
760,CLE2019.ROS,ramij003,Ramirez,Jose,B,R,CLE,P
761,CLE2019.ROS,ramin001,Ramirez,Neil,R,R,CLE,P
762,CLE2019.ROS,reyef001,Reyes,Franmil,R,R,CLE,OF
763,CLE2019.ROS,rodrj005,Rodriguez,Jefry,R,R,CLE,P
764,CLE2019.ROS,salad001,Salazar,Danny,R,R,CLE,P
765,CLE2019.ROS,santc002,Santana,Carlos,B,R,CLE,1B
766,CLE2019.ROS,smitj006,Smith,Josh,L,L,CLE,P
767,CLE2019.ROS,stame001,Stamets,Eric,R,R,CLE,2B
768,CLE2019.ROS,velaa001,Velazquez,Andrew,B,R,CLE,SS
769,CLE2019.ROS,wittn001,Wittgren,Nick,R,R,CLE,P
770,CLE2019.ROS,woodh001,Wood,Hunter,R,R,CLE,P
771,CLE2019.ROS,zimmb001,Zimmer,Bradley,L,R,CLE,OF
772,ATL2019.ROS,acunr001,Acuna,Ronald,R,R,ATL,OF
773,ATL2019.ROS,albio001,Albies,Ozzie,B,R,ATL,2B
774,ATL2019.ROS,biddj001,Biddle,Jesse,L,L,ATL,P
775,ATL2019.ROS,blevj001,Blevins,Jerry,L,L,ATL,P
776,ATL2019.ROS,camaj001,Camargo,Johan,B,R,ATL,SS
777,ATL2019.ROS,carls002,Carle,Shane,R,R,ATL,P
778,ATL2019.ROS,cervf001,Cervelli,Francisco,R,R,ATL,C
779,ATL2019.ROS,culbc001,Culberson,Charlie,R,R,ATL,3B
780,ATL2019.ROS,daytg001,Dayton,Grant,L,L,ATL,P
781,ATL2019.ROS,donaj001,Donaldson,Josh,R,R,ATL,3B
782,ATL2019.ROS,duvaa001,Duvall,Adam,R,R,ATL,OF
783,ATL2019.ROS,flowt001,Flowers,Tyler,R,R,ATL,C
784,ATL2019.ROS,foltm001,Foltynewicz,Mike,R,R,ATL,P
785,ATL2019.ROS,freef001,Freeman,Freddie,L,R,ATL,1B
786,ATL2019.ROS,friem001,Fried,Max,L,L,ATL,P
787,ATL2019.ROS,gausk001,Gausman,Kevin,L,R,ATL,P
788,ATL2019.ROS,grees005,Greene,Shane,R,R,ATL,P
789,ATL2019.ROS,hamib001,Hamilton,Billy,B,R,ATL,OF
790,ATL2019.ROS,hecha001,Hechavarria,Adeiny,R,R,ATL,SS
791,ATL2019.ROS,incie001,Inciarte,Ender,L,L,ATL,OF
792,ATL2019.ROS,jacka002,Jackson,Alex,R,R,ATL,C
793,ATL2019.ROS,jackl001,Jackson,Luke,R,R,ATL,P
794,ATL2019.ROS,joycm001,Joyce,Matt,L,R,ATL,OF
795,ATL2019.ROS,keucd001,Keuchel,Dallas,L,L,ATL,P
796,ATL2019.ROS,markn001,Markakis,Nick,L,L,ATL,OF
797,ATL2019.ROS,martc007,Martin,Chris,R,R,ATL,P
798,ATL2019.ROS,mccab002,McCann,Brian,L,R,ATL,C
799,ATL2019.ROS,melam001,Melancon,Mark,R,R,ATL,P
800,ATL2019.ROS,minta001,Minter,A.J.,L,L,ATL,P
801,ATL2019.ROS,murpj001,Murphy,John Ryan,R,R,ATL,C
802,ATL2019.ROS,newcs001,Newcomb,Sean,L,L,ATL,P
803,ATL2019.ROS,odayd001,O'Day,Darren,R,R,ATL,P
804,ATL2019.ROS,orter001,Ortega,Rafael,L,R,ATL,OF
805,ATL2019.ROS,parsw001,Parsons,Wes,R,R,ATL,P
806,ATL2019.ROS,rilea001,Riley,Austin,R,R,ATL,3B
807,ATL2019.ROS,soboc001,Sobotka,Chad,R,R,ATL,P
808,ATL2019.ROS,sorom001,Soroka,Mike,R,R,ATL,P
809,ATL2019.ROS,swand001,Swanson,Dansby,R,R,ATL,SS
810,ATL2019.ROS,swara001,Swarzak,Anthony,R,R,ATL,P
811,ATL2019.ROS,tehej001,Teheran,Julio,R,R,ATL,P
812,ATL2019.ROS,tomlj001,Tomlin,Josh,R,R,ATL,P
813,ATL2019.ROS,toust001,Toussaint,Touki,R,R,ATL,P
814,ATL2019.ROS,ventj001,Venters,Jonny,L,L,ATL,P
815,ATL2019.ROS,vizca001,Vizcaino,Arodys,R,R,ATL,P
816,ATL2019.ROS,walkj002,Walker,Jeremy,R,R,ATL,P
817,ATL2019.ROS,webbj002,Webb,Jacob,R,R,ATL,P
818,ATL2019.ROS,wilsb003,Wilson,Bryse,R,R,ATL,P
819,ATL2019.ROS,winkd001,Winkler,Daniel,R,R,ATL,P 
820,ATL2019.ROS,wrigk001,Wright,Kyle,R,R,ATL,P
821,ATL2019.ROS,ynoah001,Ynoa,Huascar,R,R,ATL,P
822,ANA2019.ROS,allec002,Allen,Cody,R,R,ANA,P
823,ANA2019.ROS,andej005,Anderson,Justin,L,R,ANA,P
824,ANA2019.ROS,bardl001,Bard,Luke,R,R,ANA,P
825,ANA2019.ROS,barrj003,Barria,Jaime,R,R,ANA,P
826,ANA2019.ROS,bedrc001,Bedrosian,Cam,R,R,ANA,P
827,ANA2019.ROS,bemba001,Bemboom,Anthony,L,R,ANA,C
828,ANA2019.ROS,bourj002,Bour,Justin,L,R,ANA,1B
829,ANA2019.ROS,bourp001,Bourjos,Peter,R,R,ANA,OF
830,ANA2019.ROS,buttt001,Buttrey,Ty,L,R,ANA,P
831,ANA2019.ROS,cahit001,Cahill,Trevor,R,R,ANA,P
832,ANA2019.ROS,calhk001,Calhoun,Kole,L,L,ANA,OF
833,ANA2019.ROS,canng001,Canning,Griffin,R,R,ANA,P
834,ANA2019.ROS,colet001,Cole,Taylor,R,R,ANA,P
835,ANA2019.ROS,cowak001,Cowart,Kaleb,B,R,ANA,3B
836,ANA2019.ROS,cozaz001,Cozart,Zack,R,R,ANA,SS
837,ANA2019.ROS,curtj003,Curtiss,John,R,R,ANA,P
838,ANA2019.ROS,delpm001,Del Pozo,Miguel,L,L,ANA,P
839,ANA2019.ROS,fletd002,Fletcher,David,R,R,ANA,SS
840,ANA2019.ROS,frees001,Freeman,Sam,R,L,ANA,P
841,ANA2019.ROS,garcl005,Garcia,Luis,R,R,ANA,P
842,ANA2019.ROS,garnd001,Garneau,Dustin,R,R,ANA,C
843,ANA2019.ROS,goodb001,Goodwin,Brian,L,R,ANA,OF
844,ANA2019.ROS,harvm001,Harvey,Matt,R,R,ANA,P
845,ANA2019.ROS,heana001,Heaney,Andrew,L,L,ANA,P
846,ANA2019.ROS,hermm001,Hermosillo,Michael,R,R,ANA,OF
847,ANA2019.ROS,jewej001,Jewell,Jake,R,R,ANA,P
848,ANA2019.ROS,lastt001,La Stella,Tommy,L,R,ANA,2B
849,ANA2019.ROS,lucrj001,Lucroy,Jonathan,R,R,ANA,C
850,ANA2019.ROS,mejia001,Mejia,Adalberto,R,L,ANA,P
851,ANA2019.ROS,middk001,Middleton,Keynan,R,R,ANA,P
852,ANA2019.ROS,ohtas001,Ohtani,Shohei,L,R,ANA,P
853,ANA2019.ROS,parkj002,Parker,Jarrett,L,L,ANA,OF
854,ANA2019.ROS,penaf002,Pena,Felix,R,R,ANA,P
855,ANA2019.ROS,peted001,Peters,Dillon,L,L,ANA,P
856,ANA2019.ROS,puelc001,Puello,Cesar,R,R,ANA,OF
857,ANA2019.ROS,pujoa001,Pujols,Albert,R,R,ANA,1B
858,ANA2019.ROS,ramij002,Ramirez,J.C.,R,R,ANA,P
859,ANA2019.ROS,ramin002,Ramirez,Noe,R,R,ANA,P
860,ANA2019.ROS,ramsm003,Ramsey,Matt,R,R,ANA,P
861,ANA2019.ROS,rengl001,Rengifo,Luis,B,R,ANA,2B
862,ANA2019.ROS,roblh001,Robles,Hansel,R,R,ANA,P
863,ANA2019.ROS,rodrj006,Rodriguez,Jose,R,R,ANA,P
864,ANA2019.ROS,sandp002,Sandoval,Patrick,L,L,ANA,P
865,ANA2019.ROS,simma001,Simmons,Andrelton,R,R,ANA,SS
866,ANA2019.ROS,skagt001,Skaggs,Tyler,L,L,ANA,P
867,ANA2019.ROS,smitk002,Smith,Kevan,R,R,ANA,C
868,ANA2019.ROS,stasm001,Stassi,Max,R,R,ANA,C
869,ANA2019.ROS,strac001,Stratton,Chris,R,R,ANA,P
870,ANA2019.ROS,suarj001,Suarez,Jose,L,L,ANA,P
871,ANA2019.ROS,thaim001,Thaiss,Matt,L,R,ANA,1B
872,ANA2019.ROS,tovaw001,Tovar,Wilfredo,R,R,ANA,SS
873,ANA2019.ROS,tropn001,Tropeano,Nick,R,R,ANA,P
874,ANA2019.ROS,troum001,Trout,Mike,R,R,ANA,OF
875,ANA2019.ROS,uptoj001,Upton,Justin,R,R,ANA,OF
876,ANA2019.ROS,walsj001,Walsh,Jared,L,L,ANA,OF
877,ANA2019.ROS,wardt002,Ward,Taylor,R,R,ANA,3B
878,ANA2019.ROS,wongk002,Wong,Kean,L,R,ANA,2B
879,SFN2019.ROS,abadf001,Abad,Fernando,L,L,SFN,P
880,SFN2019.ROS,adamc001,Adames,Cristhian,B,R,SFN,SS
881,SFN2019.ROS,altha001,Altherr,Aaron,R,R,SFN,OF
882,SFN2019.ROS,andes002,Anderson,Shaun,R,R,SFN,P
883,SFN2019.ROS,austt001,Austin,Tyler,R,R,SFN,OF
884,SFN2019.ROS,avela001,Avelino,Abiatal,R,R,SFN,SS
885,SFN2019.ROS,barrk002,Barraclough,Kyle,R,R,SFN,P
886,SFN2019.ROS,beedt001,Beede,Tyler,R,R,SFN,P
887,SFN2019.ROS,beltb001,Belt,Brandon,L,L,SFN,1B
888,SFN2019.ROS,bergt001,Bergen,Travis,L,L,SFN,P
889,SFN2019.ROS,blacr001,Black,Ray,R,R,SFN,P
890,SFN2019.ROS,blact002,Blach,Ty,R,L,SFN,P
891,SFN2019.ROS,bumgm001,Bumgarner,Madison,R,L,SFN,P
892,SFN2019.ROS,coons001,Coonrod,Sam,R,R,SFN,P
893,SFN2019.ROS,crawb001,Crawford,Brandon,L,R,SFN,SS
894,SFN2019.ROS,cuetj001,Cueto,Johnny,R,R,SFN,P
895,SFN2019.ROS,davij008,Davis,Jaylin,R,R,SFN,OF
896,SFN2019.ROS,dicka001,Dickerson,Alex,L,L,SFN,OF
897,SFN2019.ROS,dubom001,Dubon,Mauricio,R,R,SFN,SS
898,SFN2019.ROS,duggs001,Duggar,Steven,L,R,SFN,OF
899,SFN2019.ROS,dysos001,Dyson,Sam,R,R,SFN,P
900,SFN2019.ROS,frane001,Franco,Enderson,R,R,SFN,P
901,SFN2019.ROS,garca006,Garcia,Aramis,R,R,SFN,C
902,SFN2019.ROS,genns001,Gennett,Scooter,L,R,SFN,2B
903,SFN2019.ROS,gerbm001,Gerber,Mike,L,R,SFN,OF
904,SFN2019.ROS,gottt001,Gott,Trevor,R,R,SFN,P
905,SFN2019.ROS,greez001,Green,Zach,R,R,SFN,1B
906,SFN2019.ROS,gustj001,Gustave,Jandel,R,R,SFN,P
907,SFN2019.ROS,holld003,Holland,Derek,B,L,SFN,P
908,SFN2019.ROS,jerew001,Jerez,Williams,L,L,SFN,P
909,SFN2019.ROS,joe-c001,Joe,Connor,R,R,SFN,3B
910,SFN2019.ROS,josec001,Joseph,Corban,L,R,SFN,1B
911,SFN2019.ROS,krate001,Kratz,Erik,R,R,SFN,C
912,SFN2019.ROS,longe001,Longoria,Evan,R,R,SFN,3B
913,SFN2019.ROS,melam001,Melancon,Mark,R,R,SFN,P
914,SFN2019.ROS,menec001,Menez,Conner,L,L,SFN,P
915,SFN2019.ROS,moror001,Moronta,Reyes,R,R,SFN,P
916,SFN2019.ROS,panij002,Panik,Joe,L,R,SFN,2B
917,SFN2019.ROS,parrg001,Parra,Gerardo,L,L,SFN,OF
918,SFN2019.ROS,peraw002,Peralta,Wandy,L,L,SFN,P
919,SFN2019.ROS,pillk001,Pillar,Kevin,R,R,SFN,OF
920,SFN2019.ROS,pomed001,Pomeranz,Drew,R,L,SFN,P
921,SFN2019.ROS,poseb001,Posey,Buster,R,R,SFN,C
922,SFN2019.ROS,reedm001,Reed,Michael,R,R,SFN,OF
923,SFN2019.ROS,rickj001,Rickard,Joey,R,L,SFN,OF
924,SFN2019.ROS,rodrd001,Rodriguez,Dereck,R,R,SFN,P
925,SFN2019.ROS,roget002,Rogers,Tyler,R,R,SFN,P
926,SFN2019.ROS,samaj001,Samardzija,Jeff,R,R,SFN,P
927,SFN2019.ROS,sandp001,Sandoval,Pablo,B,R,SFN,3B
928,SFN2019.ROS,selms001,Selman,Sam,R,L,SFN,P
929,SFN2019.ROS,shawc001,Shaw,Chris,L,R,SFN,OF
930,SFN2019.ROS,slata001,Slater,Austin,R,R,SFN,OF
931,SFN2019.ROS,smitb005,Smith,Burch,R,R,SFN,P
932,SFN2019.ROS,smitw002,Smith,Will,R,L,SFN,P
933,SFN2019.ROS,solad001,Solano,Donovan,R,R,SFN,2B
934,SFN2019.ROS,solay001,Solarte,Yangervis,B,R,SFN,3B
935,SFN2019.ROS,suara002,Suarez,Andrew,L,L,SFN,P
936,SFN2019.ROS,vendp001,Venditte,Pat,L,L,SFN,P
937,SFN2019.ROS,vincn001,Vincent,Nick,R,R,SFN,P
938,SFN2019.ROS,vogts001,Vogt,Stephen,L,R,SFN,C
939,SFN2019.ROS,watst001,Watson,Tony,L,L,SFN,P
940,SFN2019.ROS,webbl001,Webb,Logan,R,R,SFN,P
941,SFN2019.ROS,willm008,Williamson,Mac,R,R,SFN,OF
942,SFN2019.ROS,yastm001,Yastrzemski,Mike,L,L,SFN,OF
943,TBA2019.ROS,adamw002,Adames,Willy,R,R,TBA,SS
944,TBA2019.ROS,aguij001,Aguilar,Jesus,R,R,TBA,1B
945,TBA2019.ROS,alvaj004,Alvarado,Jose,L,L,TBA,P
946,TBA2019.ROS,anden001,Anderson,Nick,R,R,TBA,P
947,TBA2019.ROS,arroc001,Arroyo,Christian,R,R,TBA,3B
948,TBA2019.ROS,banda001,Banda,Anthony,L,L,TBA,P
949,TBA2019.ROS,beekj001,Beeks,Jalen,L,L,TBA,P
950,TBA2019.ROS,bemba001,Bemboom,Anthony,L,R,TBA,C
951,TBA2019.ROS,brosm001,Brosseau,Michael,R,R,TBA,3B
952,TBA2019.ROS,castd002,Castillo,Diego,R,R,TBA,P
953,TBA2019.ROS,chiry001,Chirinos,Yonny,R,R,TBA,P
954,TBA2019.ROS,choij001,Choi,Ji-Man,L,R,TBA,OF
955,TBA2019.ROS,ciufn001,Ciuffo,Nick,L,R,TBA,C
956,TBA2019.ROS,darnt001,d'Arnaud,Travis,R,R,TBA,C
957,TBA2019.ROS,davij009,Davis,Johnny,B,R,TBA,OF
958,TBA2019.ROS,delej003,De Leon,Jose,R,R,TBA,P
959,TBA2019.ROS,diazy001,Diaz,Yandy,R,R,TBA,OF
960,TBA2019.ROS,drako001,Drake,Oliver,R,R,TBA,P
961,TBA2019.ROS,duffm002,Duffy,Matt,R,R,TBA,IF
962,TBA2019.ROS,fairp001,Fairbanks,Peter,R,R,TBA,P
963,TBA2019.ROS,farij001,Faria,Jacob,R,R,TBA,P
964,TBA2019.ROS,fontw001,Font,Wilmer,R,R,TBA,P
965,TBA2019.ROS,garca003,Garcia,Avisail,R,R,TBA,OF
966,TBA2019.ROS,gibai001,Gibaut,Ian,R,R,TBA,P
967,TBA2019.ROS,glast001,Glasnow,Tyler,L,R,TBA,P
968,TBA2019.ROS,hereg002,Heredia,Guillermo,R,L,TBA,OF
969,TBA2019.ROS,kierk001,Kiermaier,Kevin,L,R,TBA,OF
970,TBA2019.ROS,kitta001,Kittredge,Andrew,R,R,TBA,P
971,TBA2019.ROS,kolaa001,Kolarek,Adam,L,L,TBA,P
972,TBA2019.ROS,krate001,Kratz,Erik,R,R,TBA,C
973,TBA2019.ROS,loweb001,Lowe,Brandon,L,R,TBA,2B
974,TBA2019.ROS,lowen001,Lowe,Nate,L,R,TBA,1B
975,TBA2019.ROS,mckab001,McKay,Brendan,L,L,TBA,P
976,TBA2019.ROS,meada001,Meadows,Austin,L,L,TBA,OF
977,TBA2019.ROS,milnh001,Milner,Hoby,L,L,TBA,P
978,TBA2019.ROS,mortc002,Morton,Charlie,R,R,TBA,P
979,TBA2019.ROS,pagae001,Pagan,Emilio,L,R,TBA,P
980,TBA2019.ROS,perem005,Perez,Michael,L,R,TBA,C
981,TBA2019.ROS,phamt001,Pham,Tommy,R,R,TBA,OF
982,TBA2019.ROS,pintr002,Pinto,Ricardo,R,R,TBA,P
983,TBA2019.ROS,pochc001,Poche,Colin,L,L,TBA,P
984,TBA2019.ROS,pruia001,Pruitt,Austin,R,R,TBA,P
985,TBA2019.ROS,richt001,Richards,Trevor,R,R,TBA,P
986,TBA2019.ROS,robed004,Robertson,Daniel,R,R,TBA,SS
987,TBA2019.ROS,roe-c001,Roe,Chaz,R,R,TBA,P
988,TBA2019.ROS,sadlc002,Sadler,Casey,R,R,TBA,P
989,TBA2019.ROS,slega001,Slegers,Aaron,R,R,TBA,P
990,TBA2019.ROS,snelb001,Snell,Blake,L,L,TBA,P
991,TBA2019.ROS,sogae001,Sogard,Eric,L,R,TBA,2B
992,TBA2019.ROS,stanr002,Stanek,Ryne,R,R,TBA,P
993,TBA2019.ROS,sulsc001,Sulser,Cole,R,R,TBA,P
994,TBA2019.ROS,velaa001,Velazquez,Andrew,B,R,TBA,SS
995,TBA2019.ROS,wendj002,Wendle,Joey,L,R,TBA,2B
996,TBA2019.ROS,wongk002,Wong,Kean,L,R,TBA,2B
997,TBA2019.ROS,woodh001,Wood,Hunter,R,R,TBA,P
998,TBA2019.ROS,yarbr001,Yarbrough,Ryan,R,L,TBA,P
999,TBA2019.ROS,zunim001,Zunino,Mike,R,R,TBA,C
1000,NYN2019.ROS,alonp001,Alonso,Pete,R,R,NYN,1B
1001,NYN2019.ROS,altha001,Altherr,Aaron,R,R,NYN,OF
1002,NYN2019.ROS,avill001,Avilan,Luis,L,L,NYN,P
1003,NYN2019.ROS,basht001,Bashlor,Tyler,R,R,NYN,P
1004,NYN2019.ROS,bracb001,Brach,Brad,R,R,NYN,P
1005,NYN2019.ROS,broxk001,Broxton,Keon,R,R,NYN,OF
1006,NYN2019.ROS,canor001,Cano,Robinson,L,R,NYN,2B
1007,NYN2019.ROS,confm001,Conforto,Michael,L,R,NYN,OF
1008,NYN2019.ROS,darnt001,d'Arnaud,Travis,R,R,NYN,C
1009,NYN2019.ROS,davij006,Davis,J.D.,R,R,NYN,3B
1010,NYN2019.ROS,degrj001,deGrom,Jacob,L,R,NYN,P
1011,NYN2019.ROS,diaze006,Diaz,Edwin,R,R,NYN,P
1012,NYN2019.ROS,davir003,Davis,Rajai,R,R,NYN,OF
1013,NYN2019.ROS,famij001,Familia,Jeurys,R,R,NYN,P
1014,NYN2019.ROS,flexc001,Flexen,Chris,R,R,NYN,P
1015,NYN2019.ROS,fontw001,Font,Wilmer,R,R,NYN,P
1016,NYN2019.ROS,frazt001,Frazier,Todd,R,R,NYN,3B
1017,NYN2019.ROS,gagnd001,Gagnon,Drew,R,R,NYN,P
1018,NYN2019.ROS,gomec002,Gomez,Carlos,R,R,NYN,OF
1019,NYN2019.ROS,gselr001,Gsellman,Robert,R,R,NYN,P
1020,NYN2019.ROS,guill001,Guillorme,Luis,L,R,NYN,SS
1021,NYN2019.ROS,haggs001,Haggerty,Sam,B,R,NYN,2B
1022,NYN2019.ROS,hartd002,Hart,Donnie,L,L,NYN,P
1023,NYN2019.ROS,hecha001,Hechavarria,Adeiny,R,R,NYN,SS
1024,NYN2019.ROS,lagaj001,Lagares,Juan,R,R,NYN,OF
1025,NYN2019.ROS,lockw001,Lockett,Walker,R,R,NYN,P
1026,NYN2019.ROS,lowrj001,Lowrie,Jed,B,R,NYN,3B
1027,NYN2019.ROS,lugos001,Lugo,Seth,R,R,NYN,P
1028,NYN2019.ROS,matzs001,Matz,Steven,R,L,NYN,P
1029,NYN2019.ROS,mazzc002,Mazza,Chris,R,R,NYN,P
1030,NYN2019.ROS,mcnej002,McNeil,Jeff,L,R,NYN,2B
1031,NYN2019.ROS,nidot001,Nido,Tomas,R,R,NYN,C
1032,NYN2019.ROS,nimmb001,Nimmo,Brandon,L,R,NYN,OF
1033,NYN2019.ROS,nogos001,Nogosek,Stephen,R,R,NYN,P
1034,NYN2019.ROS,orour001,O'Rourke,Ryan,R,L,NYN,P
1035,NYN2019.ROS,oswac001,Oswalt,Corey,R,R,NYN,P
1036,NYN2019.ROS,panij002,Panik,Joe,L,R,NYN,2B
1037,NYN2019.ROS,petet001,Peterson,Tim,R,R,NYN,P
1038,NYN2019.ROS,pounb001,Pounders,Brooks,R,R,NYN,P
1039,NYN2019.ROS,ramow001,Ramos,Wilson,R,R,NYN,C
1040,NYN2019.ROS,rhamj001,Rhame,Jacob,R,R,NYN,P
1041,NYN2019.ROS,river003,Rivera,Rene,R,R,NYN,C
1042,NYN2019.ROS,rosaa003,Rosario,Amed,R,R,NYN,SS
1043,NYN2019.ROS,santh001,Santiago,Hector,R,L,NYN,P
1044,NYN2019.ROS,sewap001,Sewald,Paul,R,R,NYN,P
1045,NYN2019.ROS,smitd008,Smith,Dominic,L,L,NYN,1B
1046,NYN2019.ROS,strom001,Stroman,Marcus,R,R,NYN,P
1047,NYN2019.ROS,syndn001,Syndergaard,Noah,L,R,NYN,P
1048,NYN2019.ROS,tejar001,Tejada,Ruben,R,R,NYN,SS
1049,NYN2019.ROS,vargj001,Vargas,Jason,L,L,NYN,P
1050,NYN2019.ROS,wheez001,Wheeler,Zack,L,R,NYN,P
1051,NYN2019.ROS,wilsj004,Wilson,Justin,L,L,NYN,P
1052,NYN2019.ROS,zamod001,Zamora,Daniel,L,L,NYN,P
1053,TOR2019.ROS,adamj002,Adam,Jason,R,R,TOR,P
1054,TOR2019.ROS,alfoa002,Alford,Anthony,R,R,TOR,OF
1055,TOR2019.ROS,biagj001,Biagini,Joe,R,R,TOR,P
1056,TOR2019.ROS,bichb001,Bichette,Bo,R,R,TOR,SS
1057,TOR2019.ROS,biggc002,Biggio,Cavan,L,R,TOR,2B
1058,TOR2019.ROS,borur001,Borucki,Ryan,L,L,TOR,P
1059,TOR2019.ROS,boshb001,Boshers,Buddy,L,L,TOR,P
1060,TOR2019.ROS,brits001,Brito,Socrates,L,L,TOR,OF
1061,TOR2019.ROS,buchc001,Buchholz,Clay,L,R,TOR,P
1062,TOR2019.ROS,cordj001,Cordero,Jimmy,R,R,TOR,P
1063,TOR2019.ROS,davij007,Davis,Jonathan,R,R,TOR,OF
1064,TOR2019.ROS,diazy002,Diaz,Yennsy,R,R,TOR,P
1065,TOR2019.ROS,drurb001,Drury,Brandon,R,R,TOR,3B
1066,TOR2019.ROS,dullr001,Dull,Ryan,R,R,TOR,P
1067,TOR2019.ROS,feier001,Feierabend,Ryan,L,L,TOR,P
1068,TOR2019.ROS,fishd001,Fisher,Derek,L,R,TOR,OF
1069,TOR2019.ROS,fontw001,Font,Wilmer,R,R,TOR,P
1070,TOR2019.ROS,galvf001,Galvis,Freddy,B,R,TOR,SS
1071,TOR2019.ROS,gavis001,Gaviglio,Sam,R,R,TOR,P
1072,TOR2019.ROS,gilek001,Giles,Ken,R,R,TOR,P
1073,TOR2019.ROS,godlz001,Godley,Zack,R,R,TOR,P
1074,TOR2019.ROS,gricr001,Grichuk,Randal,R,R,TOR,OF
1075,TOR2019.ROS,guerj002,Guerra,Javy,R,R,TOR,P
1076,TOR2019.ROS,guerv002,Guerrero,Vladimir,R,R,TOR,3B
1077,TOR2019.ROS,gurrl001,Gurriel,Lourdes,R,R,TOR,2B
1078,TOR2019.ROS,hansa001,Hanson,Alen,B,R,TOR,SS
1079,TOR2019.ROS,hernt002,Hernandez,Teoscar,R,R,TOR,OF
1080,TOR2019.ROS,hudsd001,Hudson,Daniel,R,R,TOR,P
1081,TOR2019.ROS,jacke001,Jackson,Edwin,R,R,TOR,P
1082,TOR2019.ROS,jansd001,Jansen,Danny,R,R,TOR,C
1083,TOR2019.ROS,kay-a001,Kay,Anthony,L,L,TOR,P
1084,TOR2019.ROS,kingn001,Kingham,Nick,R,R,TOR,P
1085,TOR2019.ROS,law-d001,Law,Derek,R,R,TOR,P
1086,TOR2019.ROS,lucie001,Luciano,Elvis,R,R,TOR,P
1087,TOR2019.ROS,maill001,Maile,Luke,R,R,TOR,C
1088,TOR2019.ROS,mayzt001,Mayza,Tim,L,L,TOR,P
1089,TOR2019.ROS,mcgur002,McGuire,Reese,L,R,TOR,C
1090,TOR2019.ROS,mckib001,McKinney,Billy,L,L,TOR,OF
1091,TOR2019.ROS,pannt001,Pannone,Thomas,L,L,TOR,P
1092,TOR2019.ROS,pheld001,Phelps,David,R,R,TOR,P
1093,TOR2019.ROS,pillk001,Pillar,Kevin,R,R,TOR,OF
1094,TOR2019.ROS,ramin001,Ramirez,Neil,R,R,TOR,P
1095,TOR2019.ROS,reids001,Reid-Foley,Sean,R,R,TOR,P
1096,TOR2019.ROS,richc002,Richard,Clayton,L,L,TOR,P
1097,TOR2019.ROS,romaj004,Romano,Jordan,R,R,TOR,P
1098,TOR2019.ROS,rossz001,Rosscup,Zac,R,L,TOR,P
1099,TOR2019.ROS,sanca006,Sanchez,Aaron,R,R,TOR,P
1100,TOR2019.ROS,shafj001,Shafer,Justin,R,R,TOR,P
1101,TOR2019.ROS,shoem001,Shoemaker,Matt,R,R,TOR,P
1102,TOR2019.ROS,smoaj001,Smoak,Justin,B,L,TOR,1B
1103,TOR2019.ROS,sogae001,Sogard,Eric,L,R,TOR,2B
1104,TOR2019.ROS,stewb001,Stewart,Brock,L,R,TOR,P
1105,TOR2019.ROS,strom001,Stroman,Marcus,R,R,TOR,P
1106,TOR2019.ROS,taylb003,Taylor,Beau,L,R,TOR,C
1107,TOR2019.ROS,tellr001,Tellez,Rowdy,L,L,TOR,1B
1108,TOR2019.ROS,teper001,Tepera,Ryan,R,R,TOR,P
1109,TOR2019.ROS,thort002,Thornton,Trent,R,R,TOR,P
1110,TOR2019.ROS,urenr001,Urena,Richard,B,R,TOR,SS
1111,TOR2019.ROS,valeb001,Valera,Breyvic,B,R,TOR,2B
1112,TOR2019.ROS,waguj001,Waguespack,Jacob,R,R,TOR,P
1113,TOR2019.ROS,zeuct001,Zeuch,T.J.,R,R,TOR,P
1114,SEA2019.ROS,adama002,Adams,Austin,R,R,SEA,P
1115,SEA2019.ROS,alanr001,Alaniz,R.J.,R,R,SEA,P
1116,SEA2019.ROS,altad001,Altavilla,Dan,R,R,SEA,P
1117,SEA2019.ROS,armss001,Armstrong,Shawn,R,R,SEA,P
1118,SEA2019.ROS,bassa001,Bass,Anthony,R,R,SEA,P
1119,SEA2019.ROS,bautg001,Bautista,Gerson,R,R,SEA,P
1120,SEA2019.ROS,beckt001,Beckham,Tim,R,R,SEA,2B
1121,SEA2019.ROS,biddj001,Biddle,Jesse,L,L,SEA,P
1122,SEA2019.ROS,bishb001,Bishop,Braden,R,R,SEA,OF
1123,SEA2019.ROS,bradc002,Bradford,Chasen,R,R,SEA,P
1124,SEA2019.ROS,brenb003,Brennan,Brandon,R,R,SEA,P
1125,SEA2019.ROS,broxk001,Broxton,Keon,R,R,SEA,OF
1126,SEA2019.ROS,brucj001,Bruce,Jay,L,L,SEA,OF
1127,SEA2019.ROS,caram001,Carasiti,Matt,R,R,SEA,P
1128,SEA2019.ROS,courr001,Court,Ryan,R,R,SEA,SS
1129,SEA2019.ROS,crawj002,Crawford,J.P.,L,R,SEA,SS
1130,SEA2019.ROS,eliar001,Elias,Roenis,L,L,SEA,P
1131,SEA2019.ROS,dunnj002,Dunn,Justin,R,R,SEA,P
1132,SEA2019.ROS,encae001,Encarnacion,Edwin,R,R,SEA,DH
1133,SEA2019.ROS,festm001,Festa,Matt,R,R,SEA,P
1134,SEA2019.ROS,fralj001,Fraley,Jake,L,L,SEA,OF
1135,SEA2019.ROS,freid001,Freitas,David,R,R,SEA,C
1136,SEA2019.ROS,gartr001,Garton,Ryan,R,R,SEA,P
1137,SEA2019.ROS,gearc001,Gearrin,Cory,R,R,SEA,P
1138,SEA2019.ROS,gonzm005,Gonzales,Marco,L,L,SEA,P
1139,SEA2019.ROS,gordd002,Gordon,Dee,L,R,SEA,2B
1140,SEA2019.ROS,grotz001,Grotz,Zac,R,R,SEA,P
1141,SEA2019.ROS,guilt001,Guilbeau,Taylor,L,L,SEA,P
1142,SEA2019.ROS,hanim001,Haniger,Mitch,R,R,SEA,OF
1143,SEA2019.ROS,healr001,Healy,Ryon,R,R,SEA,3B
1144,SEA2019.ROS,hernf002,Hernandez,Felix,R,R,SEA,P
1145,SEA2019.ROS,kikuy001,Kikuchi,Yusei,L,L,SEA,P
1146,SEA2019.ROS,leakm001,Leake,Mike,R,R,SEA,P
1147,SEA2019.ROS,leblw001,LeBlanc,Wade,L,L,SEA,P
1148,SEA2019.ROS,lewik001,Lewis,Kyle,R,R,SEA,OF
1149,SEA2019.ROS,longs001,Long,Shed,L,R,SEA,2B
1150,SEA2019.ROS,lopet001,Lopes,Tim,R,R,SEA,2B
1151,SEA2019.ROS,magim001,Magill,Matt,R,R,SEA,P
1152,SEA2019.ROS,markp001,Markel,Parker,R,R,SEA,P
1153,SEA2019.ROS,mcclr001,McClain,Reggie,R,R,SEA,P
1154,SEA2019.ROS,mckad001,McKay,David,R,R,SEA,P
1155,SEA2019.ROS,milot001,Milone,Tom,L,L,SEA,P
1156,SEA2019.ROS,moora002,Moore,Andrew,R,R,SEA,P
1157,SEA2019.ROS,moord002,Moore,Dylan,R,R,SEA,3B
1158,SEA2019.ROS,murpt002,Murphy,Tom,R,R,SEA,C
1159,SEA2019.ROS,narvo001,Narvaez,Omar,L,R,SEA,C
1160,SEA2019.ROS,negrk001,Negron,Kristopher,R,R,SEA,OF
1161,SEA2019.ROS,nolaa002,Nola,Austin,R,R,SEA,1B
1162,SEA2019.ROS,rossz001,Rosscup,Zac,R,L,SEA,P
1163,SEA2019.ROS,rumbn001,Rumbelow,Nick,R,R,SEA,P
1164,SEA2019.ROS,sadzc001,Sadzeck,Connor,R,R,SEA,P
1165,SEA2019.ROS,santd002,Santana,Domingo,R,R,SEA,OF
1166,SEA2019.ROS,scott004,Scott,Tayler,R,R,SEA,P
1167,SEA2019.ROS,seagk001,Seager,Kyle,L,R,SEA,3B
1168,SEA2019.ROS,shefj001,Sheffield,Justus,L,L,SEA,P
1169,SEA2019.ROS,smitm007,Smith,Mallex,L,R,SEA,OF
1170,SEA2019.ROS,strih001,Strickland,Hunter,R,R,SEA,P
1171,SEA2019.ROS,suzui001,Suzuki,Ichiro,L,R,SEA,OF
1172,SEA2019.ROS,swane001,Swanson,Erik,R,R,SEA,P
1173,SEA2019.ROS,swara001,Swarzak,Anthony,R,R,SEA,P
1174,SEA2019.ROS,tuivs001,Tuivailala,Sam,R,R,SEA,P
1175,SEA2019.ROS,voged001,Vogelbach,Daniel,L,R,SEA,1B
1176,SEA2019.ROS,waltd002,Walton,Donnie,L,R,SEA,2B
1177,SEA2019.ROS,warra002,Warren,Art,R,R,SEA,P
1178,SEA2019.ROS,willm008,Williamson,Mac,R,R,SEA,OF
1179,SEA2019.ROS,wislm001,Wisler,Matt,R,R,SEA,P
1180,SEA2019.ROS,wrigm001,Wright,Mike,R,R,SEA,P
1181,MIN2019.ROS,adama001,Adams,Austin,R,R,MIN,P
1182,MIN2019.ROS,adrie001,Adrianza,Ehire,B,R,MIN,2B
1183,MIN2019.ROS,alcaj001,Alcala,Jorge,R,R,MIN,P
1184,MIN2019.ROS,arral001,Arraez,Luis,L,R,MIN,2B
1185,MIN2019.ROS,astuw001,Astudillo,Willians,R,R,MIN,C
1186,MIN2019.ROS,austt001,Austin,Tyler,R,R,MIN,OF
1187,MIN2019.ROS,berrj001,Berrios,Jose,R,R,MIN,P
1188,MIN2019.ROS,buxtb001,Buxton,Byron,R,R,MIN,OF
1189,MIN2019.ROS,castj006,Castro,Jason,L,R,MIN,C
1190,MIN2019.ROS,cavej001,Cave,Jake,L,L,MIN,OF
1191,MIN2019.ROS,cronc002,Cron,C.J.,R,R,MIN,1B
1192,MIN2019.ROS,cruzn002,Cruz,Nelson,R,R,MIN,OF
1193,MIN2019.ROS,dejoc001,De Jong,Chase,L,R,MIN,P
1194,MIN2019.ROS,dobnr001,Dobnak,Randy,R,R,MIN,P
1195,MIN2019.ROS,dufft001,Duffey,Tyler,R,R,MIN,P
1196,MIN2019.ROS,dysos001,Dyson,Sam,R,R,MIN,P
1197,MIN2019.ROS,eader001,Eades,Ryan,R,R,MIN,P
1198,MIN2019.ROS,garvm001,Garver,Mitch,R,R,MIN,C
1199,MIN2019.ROS,gibsk002,Gibson,Kyle,R,R,MIN,P
1200,MIN2019.ROS,gonzm002,Gonzalez,Marwin,B,R,MIN,1B
1201,MIN2019.ROS,gratb002,Graterol,Brusdar,R,R,MIN,P
1202,MIN2019.ROS,harpr001,Harper,Ryne,R,R,MIN,P
1203,MIN2019.ROS,hildt001,Hildenberger,Trevor,R,R,MIN,P
1204,MIN2019.ROS,keplm001,Kepler,Max,L,L,MIN,OF
1205,MIN2019.ROS,lamar001,LaMarre,Ryan,R,L,MIN,OF
1206,MIN2019.ROS,littz001,Littell,Zack,R,R,MIN,P
1207,MIN2019.ROS,magim001,Magill,Matt,R,R,MIN,P
1208,MIN2019.ROS,may-t001,May,Trevor,R,R,MIN,P
1209,MIN2019.ROS,mejia001,Mejia,Adalberto,R,L,MIN,P
1210,MIN2019.ROS,milli001,Miller,Ian,L,R,MIN,OF
1211,MIN2019.ROS,morim002,Morin,Mike,R,R,MIN,P
1212,MIN2019.ROS,odorj001,Odorizzi,Jake,R,R,MIN,P
1213,MIN2019.ROS,parkb001,Parker,Blake,R,R,MIN,P
1214,MIN2019.ROS,perem004,Perez,Martin,L,L,MIN,P
1215,MIN2019.ROS,pinem001,Pineda,Michael,R,R,MIN,P
1216,MIN2019.ROS,polaj001,Polanco,Jorge,B,R,MIN,SS
1217,MIN2019.ROS,popps001,Poppen,Sean,R,R,MIN,P
1218,MIN2019.ROS,roget001,Rogers,Taylor,L,L,MIN,P
1219,MIN2019.ROS,romef001,Romero,Fernando,R,R,MIN,P
1220,MIN2019.ROS,romos001,Romo,Sergio,R,R,MIN,P
1221,MIN2019.ROS,rosae001,Rosario,Eddie,L,R,MIN,OF
1222,MIN2019.ROS,sanom001,Sano,Miguel,R,R,MIN,DH
1223,MIN2019.ROS,schoj001,Schoop,Jonathan,R,R,MIN,2B
1224,MIN2019.ROS,smeld001,Smeltzer,Devin,R,L,MIN,P
1225,MIN2019.ROS,stasc001,Stashak,Cody,R,R,MIN,P
1226,MIN2019.ROS,stewk001,Stewart,Kohl,R,R,MIN,P
1227,MIN2019.ROS,thorl002,Thorpe,Lewis,R,L,MIN,P
1228,MIN2019.ROS,torrr001,Torreyes,Ronald,R,R,MIN,2B
1229,MIN2019.ROS,vasqa002,Vasquez,Andrew,L,L,MIN,P
1230,MIN2019.ROS,wadel001,Wade,LaMonte,L,L,MIN,OF
1231,PHI2019.ROS,altha001,Altherr,Aaron,R,R,PHI,OF
1232,PHI2019.ROS,alvaj003,Alvarez,Jose,L,L,PHI,P
1233,PHI2019.ROS,anded003,Anderson,Drew,R,R,PHI,P
1234,PHI2019.ROS,aranv001,Arano,Victor,R,R,PHI,P
1235,PHI2019.ROS,arrij001,Arrieta,Jake,R,R,PHI,P
1236,PHI2019.ROS,branr002,Brantly,Rob,L,R,PHI,C
1237,PHI2019.ROS,brucj001,Bruce,Jay,L,L,PHI,OF
1238,PHI2019.ROS,cozed001,Cozens,Dylan,L,L,PHI,OF
1239,PHI2019.ROS,davia003,Davis,Austin,L,L,PHI,P
1240,PHI2019.ROS,deloe001,De Los Santos,Enyel,R,R,PHI,P
1241,PHI2019.ROS,dickc002,Dickerson,Corey,L,R,PHI,OF
1242,PHI2019.ROS,domis001,Dominguez,Seranthony,R,R,PHI,P
1243,PHI2019.ROS,efliz001,Eflin,Zach,R,R,PHI,P
1244,PHI2019.ROS,eickj001,Eickhoff,Jerad,R,R,PHI,P
1245,PHI2019.ROS,franm004,Franco,Maikel,R,R,PHI,3B
1246,PHI2019.ROS,garce001,Garcia,Edgar,R,R,PHI,P
1247,PHI2019.ROS,gossp001,Gosselin,Phil,R,R,PHI,2B
1248,PHI2019.ROS,gruld001,Grullon,Deivy,R,R,PHI,C
1249,PHI2019.ROS,hammj003,Hammer,JD,R,R,PHI,P
1250,PHI2019.ROS,harpb003,Harper,Bryce,L,R,PHI,OF
1251,PHI2019.ROS,hasea001,Haseley,Adam,L,L,PHI,OF
1252,PHI2019.ROS,hernc005,Hernandez,Cesar,B,R,PHI,2B
1253,PHI2019.ROS,herro001,Herrera,Odubel,L,R,PHI,OF
1254,PHI2019.ROS,hoskr001,Hoskins,Rhys,R,R,PHI,1B
1255,PHI2019.ROS,hughj001,Hughes,Jared,R,R,PHI,P
1256,PHI2019.ROS,huntt002,Hunter,Tommy,R,R,PHI,P
1257,PHI2019.ROS,irvic001,Irvin,Cole,L,L,PHI,P
1258,PHI2019.ROS,kings001,Kingery,Scott,R,R,PHI,2B
1259,PHI2019.ROS,knapa001,Knapp,Andrew,B,R,PHI,C
1260,PHI2019.ROS,mccua001,McCutchen,Andrew,R,R,PHI,OF
1261,PHI2019.ROS,millb002,Miller,Brad,L,R,PHI,SS
1262,PHI2019.ROS,morga001,Morgan,Adam,L,L,PHI,P
1263,PHI2019.ROS,morim002,Morin,Mike,R,R,PHI,P
1264,PHI2019.ROS,morrl001,Morrison,Logan,L,L,PHI,1B
1265,PHI2019.ROS,nerih001,Neris,Hector,R,R,PHI,P
1266,PHI2019.ROS,neshp001,Neshek,Pat,B,R,PHI,P
1267,PHI2019.ROS,nicaj001,Nicasio,Juan,R,R,PHI,P
1268,PHI2019.ROS,nolaa001,Nola,Aaron,R,R,PHI,P
1269,PHI2019.ROS,parkb001,Parker,Blake,R,R,PHI,P
1270,PHI2019.ROS,pirej001,Pirela,Jose,R,R,PHI,OF
1271,PHI2019.ROS,piven001,Pivetta,Nick,R,R,PHI,P
1272,PHI2019.ROS,quinr003,Quinn,Roman,B,R,PHI,OF
1273,PHI2019.ROS,ramoe002,Ramos,Edubray,R,R,PHI,P
1274,PHI2019.ROS,realj001,Realmuto,J.T.,R,R,PHI,C
1275,PHI2019.ROS,robed002,Robertson,David,R,R,PHI,P
1276,PHI2019.ROS,rodrs002,Rodriguez,Sean,R,R,PHI,1B
1277,PHI2019.ROS,riosy001,Rios,Yacksel,R,R,PHI,P
1278,PHI2019.ROS,salaf001,Salas,Fernando,R,R,PHI,P
1279,PHI2019.ROS,seguj002,Segura,Jean,R,R,PHI,SS
1280,PHI2019.ROS,smyld001,Smyly,Drew,L,L,PHI,P
1281,PHI2019.ROS,suarr001,Suarez,Ranger,L,L,PHI,P
1282,PHI2019.ROS,vargj001,Vargas,Jason,L,L,PHI,P
1283,PHI2019.ROS,velav001,Velasquez,Vincent,R,R,PHI,P
1284,PHI2019.ROS,vincn001,Vincent,Nick,R,R,PHI,P
1285,PHI2019.ROS,waldm001,Walding,Mitch,L,R,PHI,3B
1286,PHI2019.ROS,willn001,Williams,Nick,L,L,PHI,OF
1287,HOU2019.ROS,abreb002,Abreu,Bryan,R,R,HOU,P
1288,HOU2019.ROS,altuj001,Altuve,Jose,R,R,HOU,2B
1289,HOU2019.ROS,alvay001,Alvarez,Yordan,L,R,HOU,1B
1290,HOU2019.ROS,armer001,Armenteros,Rogelio,R,R,HOU,P
1291,HOU2019.ROS,biagj001,Biagini,Joe,R,R,HOU,P
1292,HOU2019.ROS,branm003,Brantley,Michael,L,L,HOU,OF
1293,HOU2019.ROS,brega001,Bregman,Alex,R,R,HOU,SS
1294,HOU2019.ROS,chirr001,Chirinos,Robinson,R,R,HOU,C
1295,HOU2019.ROS,coleg001,Cole,Gerrit,R,R,HOU,P
1296,HOU2019.ROS,corrc001,Correa,Carlos,R,R,HOU,SS
1297,HOU2019.ROS,devec001,Devenski,Chris,R,R,HOU,P
1298,HOU2019.ROS,diaza003,Diaz,Aledmys,R,R,HOU,SS
1299,HOU2019.ROS,fishd001,Fisher,Derek,L,R,HOU,OF
1300,HOU2019.ROS,greiz001,Greinke,Zack,R,R,HOU,P
1301,HOU2019.ROS,gudur001,Guduan,Reymin,L,L,HOU,P
1302,HOU2019.ROS,gurry001,Gurriel,Yulieski,R,R,HOU,3B
1303,HOU2019.ROS,harrw002,Harris,Will,R,R,HOU,P
1304,HOU2019.ROS,jamej002,James,Josh,R,R,HOU,P
1305,HOU2019.ROS,kempt001,Kemp,Tony,L,R,HOU,OF
1306,HOU2019.ROS,maldm001,Maldonado,Martin,R,R,HOU,C
1307,HOU2019.ROS,marij002,Marisnick,Jake,R,R,HOU,OF
1308,HOU2019.ROS,martc009,Martin,Corbin,R,R,HOU,P
1309,HOU2019.ROS,mayfj001,Mayfield,Jack,R,R,HOU,2B
1310,HOU2019.ROS,mchuc001,McHugh,Collin,R,R,HOU,P
1311,HOU2019.ROS,milew001,Miley,Wade,L,L,HOU,P
1312,HOU2019.ROS,osunr001,Osuna,Roberto,R,R,HOU,P
1313,HOU2019.ROS,peacb001,Peacock,Brad,R,R,HOU,P
1314,HOU2019.ROS,perec004,Perez,Cionel,L,L,HOU,P
1315,HOU2019.ROS,presr001,Pressly,Ryan,R,R,HOU,P
1316,HOU2019.ROS,reddj001,Reddick,Josh,L,R,HOU,OF
1317,HOU2019.ROS,rodgb001,Rodgers,Brady,R,R,HOU,P
1318,HOU2019.ROS,rondh001,Rondon,Hector,R,R,HOU,P
1319,HOU2019.ROS,sanca006,Sanchez,Aaron,R,R,HOU,P
1320,HOU2019.ROS,smitj002,Smith,Joe,R,R,HOU,P
1321,HOU2019.ROS,sneec001,Sneed,Cy,R,R,HOU,P
1322,HOU2019.ROS,sprig001,Springer,George,R,R,HOU,OF
1323,HOU2019.ROS,stasm001,Stassi,Max,R,R,HOU,C
1324,HOU2019.ROS,stram002,Straw,Myles,R,R,HOU,OF
1325,HOU2019.ROS,stubg001,Stubbs,Garrett,L,R,HOU,C
1326,HOU2019.ROS,toroa001,Toro,Abraham,B,R,HOU,3B
1327,HOU2019.ROS,tuckk001,Tucker,Kyle,L,R,HOU,OF
1328,HOU2019.ROS,urquj001,Urquidy,Jose,R,R,HOU,P
1329,HOU2019.ROS,valdf001,Valdez,Framber,L,L,HOU,P
1330,HOU2019.ROS,verlj001,Verlander,Justin,R,R,HOU,P
1331,HOU2019.ROS,whitt002,White,Tyler,R,R,HOU,1B
1332,WAS2019.ROS,adama002,Adams,Austin,R,R,WAS,P
1333,WAS2019.ROS,adamm002,Adams,Matt,L,R,WAS,1B
1334,WAS2019.ROS,barra001,Barrett,Aaron,R,R,WAS,P
1335,WAS2019.ROS,barrt004,Barrera,Tres,R,R,WAS,C
1336,WAS2019.ROS,barrk002,Barraclough,Kyle,R,R,WAS,P
1337,WAS2019.ROS,blazm001,Blazek,Michael,R,R,WAS,P
1338,WAS2019.ROS,bourj003,Bourque,James,R,R,WAS,P
1339,WAS2019.ROS,cabra002,Cabrera,Asdrubal,B,R,WAS,SS
1340,WAS2019.ROS,corbp001,Corbin,Patrick,L,L,WAS,P
1341,WAS2019.ROS,difow001,Difo,Wilmer,B,R,WAS,2B
1342,WAS2019.ROS,dools001,Doolittle,Sean,L,L,WAS,P
1343,WAS2019.ROS,dozib001,Dozier,Brian,R,R,WAS,2B
1344,WAS2019.ROS,eatoa002,Eaton,Adam,L,L,WAS,OF
1345,WAS2019.ROS,eliar001,Elias,Roenis,L,L,WAS,P
1346,WAS2019.ROS,fedde001,Fedde,Erick,R,R,WAS,P
1347,WAS2019.ROS,gomey001,Gomes,Yan,R,R,WAS,C
1348,WAS2019.ROS,gracm003,Grace,Matt,L,L,WAS,P
1349,WAS2019.ROS,guerj002,Guerra,Javy,R,R,WAS,P
1350,WAS2019.ROS,hellj001,Hellickson,Jeremy,R,R,WAS,P
1351,WAS2019.ROS,hudsd001,Hudson,Daniel,R,R,WAS,P
1352,WAS2019.ROS,jennd003,Jennings,Dan,L,L,WAS,P
1353,WAS2019.ROS,kendh001,Kendrick,Howie,R,R,WAS,2B
1354,WAS2019.ROS,kiebc001,Kieboom,Carter,R,R,WAS,SS
1355,WAS2019.ROS,mcgok002,McGowin,Kyle,R,R,WAS,P
1356,WAS2019.ROS,millj006,Miller,Justin,R,R,WAS,P
1357,WAS2019.ROS,nollj001,Noll,Jake,R,R,WAS,3B
1358,WAS2019.ROS,parrg001,Parra,Gerardo,L,L,WAS,OF
1359,WAS2019.ROS,raint003,Rainey,Tanner,R,R,WAS,P
1360,WAS2019.ROS,readr002,Read,Raudy,R,R,WAS,C
1361,WAS2019.ROS,renda001,Rendon,Anthony,R,R,WAS,2B
1362,WAS2019.ROS,roblv001,Robles,Victor,R,R,WAS,OF
1363,WAS2019.ROS,rodnf001,Rodney,Fernando,R,R,WAS,P
1364,WAS2019.ROS,roset001,Rosenthal,Trevor,R,R,WAS,P
1365,WAS2019.ROS,rossj002,Ross,Joe,R,R,WAS,P
1366,WAS2019.ROS,sanca004,Sanchez,Anibal,R,R,WAS,P
1367,WAS2019.ROS,sanca007,Sanchez,Adrian,R,R,WAS,2B
1368,WAS2019.ROS,schem001,Scherzer,Max,R,R,WAS,P
1369,WAS2019.ROS,sippt001,Sipp,Tony,L,L,WAS,P
1370,WAS2019.ROS,sotoj001,Soto,Juan,L,L,WAS,OF
1371,WAS2019.ROS,steva001,Stevenson,Andrew,L,L,WAS,OF
1372,WAS2019.ROS,stras001,Strasburg,Stephen,R,R,WAS,P
1373,WAS2019.ROS,strih001,Strickland,Hunter,R,R,WAS,P
1374,WAS2019.ROS,suerw002,Suero,Wander,R,R,WAS,P
1375,WAS2019.ROS,suzuk001,Suzuki,Kurt,R,R,WAS,C
1376,WAS2019.ROS,taylm002,Taylor,Michael,R,R,WAS,OF
1377,WAS2019.ROS,turnt001,Turner,Trea,R,R,WAS,SS
1378,WAS2019.ROS,ventj001,Venters,Jonny,L,L,WAS,P
1379,WAS2019.ROS,votha001,Voth,Austin,R,R,WAS,P
1380,WAS2019.ROS,willa003,Williams,Austen,R,R,WAS,P
1381,WAS2019.ROS,zimmr001,Zimmerman,Ryan,R,R,WAS,1B
1382,SLN2019.ROS,arozr001,Arozarena,Randy,R,R,SLN,OF
1383,SLN2019.ROS,badeh001,Bader,Harrison,R,R,SLN,OF
1384,SLN2019.ROS,brebj001,Brebbia,John,L,R,SLN,P
1385,SLN2019.ROS,cabrg001,Cabrera,Genesis,L,L,SLN,P
1386,SLN2019.ROS,carpm002,Carpenter,Matt,L,R,SLN,3B
1387,SLN2019.ROS,dejop001,DeJong,Paul,R,R,SLN,3B
1388,SLN2019.ROS,edmat001,Edman,Tommy,B,R,SLN,SS
1389,SLN2019.ROS,fernj006,Fernandez,Junior,R,R,SLN,P
1390,SLN2019.ROS,flahj002,Flaherty,Jack,R,R,SLN,P
1391,SLN2019.ROS,fowld001,Fowler,Dexter,B,R,SLN,OF
1392,SLN2019.ROS,gallg001,Gallegos,Giovanny,R,R,SLN,P
1393,SLN2019.ROS,gantj002,Gant,John,R,R,SLN,P
1394,SLN2019.ROS,goldp001,Goldschmidt,Paul,R,R,SLN,1B
1395,SLN2019.ROS,gregl001,Gregerson,Luke,L,R,SLN,P
1396,SLN2019.ROS,gyorj001,Gyorko,Jedd,R,R,SLN,2B
1397,SLN2019.ROS,helsr001,Helsley,Ryan,R,R,SLN,P
1398,SLN2019.ROS,hickj002,Hicks,Jordan,R,R,SLN,P
1399,SLN2019.ROS,hudsd002,Hudson,Dakota,R,R,SLN,P
1400,SLN2019.ROS,hudsj002,Hudson,Joe,R,R,SLN,C
1401,SLN2019.ROS,kniza001,Knizner,Andrew,R,R,SLN,C
1402,SLN2019.ROS,leond003,Leone,Dominic,R,R,SLN,P
1403,SLN2019.ROS,martc006,Martinez,Carlos,R,R,SLN,P
1404,SLN2019.ROS,martj008,Martinez,Jose,R,R,SLN,OF
1405,SLN2019.ROS,mayem001,Mayers,Mike,R,R,SLN,P
1406,SLN2019.ROS,mejia001,Mejia,Adalberto,R,L,SLN,P
1407,SLN2019.ROS,mikom001,Mikolas,Miles,R,R,SLN,P
1408,SLN2019.ROS,milla002,Miller,Andrew,L,L,SLN,P
1409,SLN2019.ROS,moliy001,Molina,Yadier,R,R,SLN,C
1410,SLN2019.ROS,munoy001,Munoz,Yairo,R,R,SLN,SS
1411,SLN2019.ROS,oneit001,O'Neill,Tyler,R,R,SLN,OF
1412,SLN2019.ROS,ozunm001,Ozuna,Marcell,R,R,SLN,OF
1413,SLN2019.ROS,poncd001,Ponce de Leon,Daniel,R,R,SLN,P
1414,SLN2019.ROS,raver001,Ravelo,Rangel,R,R,SLN,1B
1415,SLN2019.ROS,reyea004,Reyes,Alex,R,R,SLN,P
1416,SLN2019.ROS,robid003,Robinson,Drew,L,R,SLN,3B
1417,SLN2019.ROS,shrec001,Shreve,Chasen,L,L,SLN,P
1418,SLN2019.ROS,sosae001,Sosa,Edmundo,R,R,SLN,SS
1419,SLN2019.ROS,thoml002,Thomas,Lane,R,R,SLN,OF
1420,SLN2019.ROS,wachm001,Wacha,Michael,R,R,SLN,P
1421,SLN2019.ROS,waina001,Wainwright,Adam,R,R,SLN,P 
1422,SLN2019.ROS,webbt001,Webb,Tyler,R,L,SLN,P
1423,SLN2019.ROS,wietm001,Wieters,Matt,B,R,SLN,C
1424,SLN2019.ROS,wongk001,Wong,Kolten,L,R,SLN,2B
1425,MIA2019.ROS,alcas001,Alcantara,Sandy,R,R,MIA,P
1426,MIA2019.ROS,alfaj002,Alfaro,Jorge,R,R,MIA,C
1427,MIA2019.ROS,andeb006,Anderson,Brian,R,R,MIA,3B
1428,MIA2019.ROS,anden001,Anderson,Nick,R,R,MIA,P
1429,MIA2019.ROS,bertj001,Berti,Jon,R,R,MIA,3B
1430,MIA2019.ROS,brica001,Brice,Austin,R,R,MIA,P
1431,MIA2019.ROS,brigj002,Brigham,Jeff,R,R,MIA,P
1432,MIA2019.ROS,brinl001,Brinson,Lewis,R,R,MIA,OF
1433,MIA2019.ROS,casts001,Castro,Starlin,R,R,MIA,SS
1434,MIA2019.ROS,castw001,Castillo,Wilkin,B,R,MIA,C
1435,MIA2019.ROS,chenw001,Chen,Wei-Yin,R,L,MIA,P
1436,MIA2019.ROS,conla001,Conley,Adam,L,L,MIA,P
1437,MIA2019.ROS,coopg002,Cooper,Garrett,R,R,MIA,1B
1438,MIA2019.ROS,deana001,Dean,Austin,R,R,MIA,OF
1439,MIA2019.ROS,diazi001,Diaz,Isan,L,R,MIA,2B
1440,MIA2019.ROS,duggr001,Dugger,Robert,R,R,MIA,P
1441,MIA2019.ROS,gallz001,Gallen,Zac,R,R,MIA,P
1442,MIA2019.ROS,galli001,Galloway,Isaac,R,R,MIA,OF
1443,MIA2019.ROS,garcj006,Garcia,Jarlin,L,L,MIA,P
1444,MIA2019.ROS,granc001,Granderson,Curtis,L,R,MIA,OF
1445,MIA2019.ROS,guert001,Guerrero,Tayron,R,R,MIA,P
1446,MIA2019.ROS,heint001,Heineman,Tyler,B,R,MIA,C
1447,MIA2019.ROS,herne002,Hernandez,Elieser,R,R,MIA,P
1448,MIA2019.ROS,herrr002,Herrera,Rosell,B,R,MIA,SS
1449,MIA2019.ROS,holab001,Holaday,Bryan,R,R,MIA,C
1450,MIA2019.ROS,kellk003,Keller,Kyle,R,R,MIA,P
1451,MIA2019.ROS,kinlt001,Kinley,Tyler,R,R,MIA,P
1452,MIA2019.ROS,lopep002,Lopez,Pablo,L,R,MIA,P
1453,MIA2019.ROS,marrd001,Marrero,Deven,R,R,MIA,3B
1454,MIA2019.ROS,morab001,Moran,Brian,L,L,MIA,P
1455,MIA2019.ROS,noesh001,Noesi,Hector,R,R,MIA,P
1456,MIA2019.ROS,obrip002,O'Brien,Peter,R,R,MIA,OF
1457,MIA2019.ROS,pradm001,Prado,Martin,R,R,MIA,3B
1458,MIA2019.ROS,puelc001,Puello,Cesar,R,R,MIA,OF
1459,MIA2019.ROS,quijj001,Quijada,Jose,L,L,MIA,P
1460,MIA2019.ROS,ramih004,Ramirez,Harold,R,R,MIA,OF
1461,MIA2019.ROS,richt001,Richards,Trevor,R,R,MIA,P
1462,MIA2019.ROS,riddj001,Riddle,J.T.,L,R,MIA,SS
1463,MIA2019.ROS,rivey001,Rivera,Yadiel,R,R,MIA,2B
1464,MIA2019.ROS,rojam002,Rojas,Miguel,R,R,MIA,SS
1465,MIA2019.ROS,romos001,Romo,Sergio,R,R,MIA,P
1466,MIA2019.ROS,sierm002,Sierra,Magneuris,L,L,MIA,OF
1467,MIA2019.ROS,smitc006,Smith,Caleb,R,L,MIA,P
1468,MIA2019.ROS,smitj006,Smith,Josh,L,L,MIA,P
1469,MIA2019.ROS,stanr002,Stanek,Ryne,R,R,MIA,P
1470,MIA2019.ROS,stecd001,Steckenrider,Drew,R,R,MIA,P
1471,MIA2019.ROS,urenj001,Urena,Jose,R,R,MIA,P
1472,MIA2019.ROS,walkn001,Walker,Neil,B,R,MIA,2B
1473,MIA2019.ROS,wallc001,Wallach,Chad,R,R,MIA,C
1474,MIA2019.ROS,yamaj001,Yamamoto,Jordan,R,R,MIA,P
1475,ARI2019.ROS,ahmen001,Ahmed,Nick,R,R,ARI,SS
1476,ARI2019.ROS,almoa001,Almonte,Abraham,B,R,ARI,OF
1477,ARI2019.ROS,andrm001,Andriese,Matt,R,R,ARI,P
1478,ARI2019.ROS,avila001,Avila,Alex,L,R,ARI,C
1479,ARI2019.ROS,brada001,Bradley,Archie,R,R,ARI,P
1480,ARI2019.ROS,chafa001,Chafin,Andrew,R,L,ARI,P
1481,ARI2019.ROS,clart003,Clarke,Taylor,R,R,ARI,P
1482,ARI2019.ROS,crics001,Crichton,Stefan,R,R,ARI,P
1483,ARI2019.ROS,cronk001,Cron,Kevin,R,R,ARI,1B
1484,ARI2019.ROS,duplj001,Duplantier,Jon,L,R,ARI,P
1485,ARI2019.ROS,dysoj001,Dyson,Jarrod,L,R,ARI,OF
1486,ARI2019.ROS,escoe001,Escobar,Eduardo,B,R,ARI,SS
1487,ARI2019.ROS,florw001,Flores,Wilmer,R,R,ARI,SS
1488,ARI2019.ROS,gallz001,Gallen,Zac,R,R,ARI,P
1489,ARI2019.ROS,ginkk001,Ginkel,Kevin,L,R,ARI,P
1490,ARI2019.ROS,godlz001,Godley,Zack,R,R,ARI,P
1491,ARI2019.ROS,greiz001,Greinke,Zack,R,R,ARI,P
1492,ARI2019.ROS,hiray001,Hirano,Yoshihisa,R,R,ARI,P
1493,ARI2019.ROS,hollg001,Holland,Greg,R,R,ARI,P
1494,ARI2019.ROS,jonea003,Jones,Adam,R,R,ARI,OF
1495,ARI2019.ROS,josec002,Joseph,Caleb,R,R,ARI,C
1496,ARI2019.ROS,kellc002,Kelly,Carson,R,R,ARI,C
1497,ARI2019.ROS,kellm002,Kelly,Merrill,R,R,ARI,P
1498,ARI2019.ROS,kochm001,Koch,Matt,L,R,ARI,P
1499,ARI2019.ROS,lambj001,Lamb,Jake,L,R,ARI,3B
1500,ARI2019.ROS,leakm001,Leake,Mike,R,R,ARI,P
1501,ARI2019.ROS,leybd001,Leyba,Domingo,B,R,ARI,2B
1502,ARI2019.ROS,locat001,Locastro,Tim,R,R,ARI,2B
1503,ARI2019.ROS,lopey001,Lopez,Yoan,R,R,ARI,P
1504,ARI2019.ROS,martk001,Marte,Ketel,B,R,ARI,SS
1505,ARI2019.ROS,mcfat001,McFarland,T.J.,L,L,ARI,P
1506,ARI2019.ROS,murpj001,Murphy,John Ryan,R,R,ARI,C
1507,ARI2019.ROS,robed004,Robertson,Daniel,R,R,TBA,SS
1508,ARI2019.ROS,payaj001,Payamps,Joel,R,R,ARI,P
1509,ARI2019.ROS,perad001,Peralta,David,L,L,ARI,OF
1510,ARI2019.ROS,ray-r002,Ray,Robbie,L,L,ARI,P
1511,ARI2019.ROS,rojaj001,Rojas,Josh,L,R,ARI,3B
1512,ARI2019.ROS,scotr001,Scott,Robby,B,L,ARI,P
1513,ARI2019.ROS,sherj001,Sherfy,Jimmie,R,R,ARI,P
1514,ARI2019.ROS,swihb001,Swihart,Blake,B,R,ARI,C
1515,ARI2019.ROS,tomay001,Tomas,Yasmany,R,R,ARI,OF
1516,ARI2019.ROS,vargi001,Vargas,Ildemaro,B,R,ARI,2B
1517,ARI2019.ROS,walkc002,Walker,Christian,R,R,ARI,1B
1518,ARI2019.ROS,walkt004,Walker,Taijuan,R,R,ARI,P
1519,ARI2019.ROS,weavl001,Weaver,Luke,R,R,ARI,P
1520,ARI2019.ROS,youna002,Young,Alex,L,L,ARI,P
1521,BOS2019.ROS,barnm001,Barnes,Matt,R,R,BOS,P
1522,BOS2019.ROS,benia002,Benintendi,Andrew,L,L,BOS,LF
1523,BOS2019.ROS,bettm001,Betts,Mookie,R,R,BOS,OF
1524,BOS2019.ROS,bogax001,Bogaerts,Xander,R,R,BOS,SS
1525,BOS2019.ROS,bradj001,Bradley,Jackie,L,R,BOS,OF
1526,BOS2019.ROS,brasr001,Brasier,Ryan,R,R,BOS,P
1527,BOS2019.ROS,brewc002,Brewer,Colten,R,R,BOS,P
1528,BOS2019.ROS,casha001,Cashner,Andrew,R,R,BOS,P
1529,BOS2019.ROS,centj001,Centeno,Juan,L,R,BOS,C
1530,BOS2019.ROS,chacj001,Chacin,Jhoulys,R,R,BOS,P
1531,BOS2019.ROS,chavm001,Chavis,Michael,R,R,BOS,3B
1532,BOS2019.ROS,dever001,Devers,Rafael,L,R,BOS,3B
1533,BOS2019.ROS,eovan001,Eovaldi,Nathan,R,R,BOS,P
1534,BOS2019.ROS,hembh001,Hembree,Heath,R,R,BOS,P
1535,BOS2019.ROS,hernd004,Hernandez,Darwinzon,L,L,BOS,P
1536,BOS2019.ROS,herng001,Hernandez,Gorkys,R,R,BOS,OF
1537,BOS2019.ROS,hernm003,Hernandez,Marco,L,R,BOS,SS
1538,BOS2019.ROS,holtb002,Holt,Brock,L,R,BOS,OF
1539,BOS2019.ROS,johnb004,Johnson,Brian,L,L,BOS,P
1540,BOS2019.ROS,kellt002,Kelley,Trevor,R,R,BOS,P
1541,BOS2019.ROS,leons001,Leon,Sandy,B,R,BOS,C
1542,BOS2019.ROS,lakit001,Lakins,Travis,R,R,BOS,P
1543,BOS2019.ROS,lin-t001,Lin,Tzu-Wei,L,R,BOS,SS
1544,BOS2019.ROS,martj006,Martinez,J.D.,R,R,BOS,OF
1545,BOS2019.ROS,morem001,Moreland,Mitch,L,L,BOS,1B
1546,BOS2019.ROS,nunee002,Nunez,Eduardo,R,R,BOS,SS
1547,BOS2019.ROS,owinc001,Owings,Chris,R,R,BOS,2B
1548,BOS2019.ROS,pears001,Pearce,Steve,R,R,BOS,OF
1549,BOS2019.ROS,pedrd001,Pedroia,Dustin,R,R,BOS,2B
1550,BOS2019.ROS,porcr001,Porcello,Rick,R,R,BOS,P
1551,BOS2019.ROS,poynb001,Poyner,Bobby,L,L,BOS,P
1552,BOS2019.ROS,pricd001,Price,David,L,L,BOS,P
1553,BOS2019.ROS,ramie004,Ramirez,Erasmo,R,R,BOS,P
1554,BOS2019.ROS,rodre004,Rodriguez,Eduardo,L,L,BOS,P
1555,BOS2019.ROS,salec001,Sale,Chris,L,L,BOS,P
1556,BOS2019.ROS,shawm001,Shawaryn,Mike,R,R,BOS,P
1557,BOS2019.ROS,smitj004,Smith,Josh,R,R,BOS,P
1558,BOS2019.ROS,swihb001,Swihart,Blake,B,R,BOS,C
1559,BOS2019.ROS,taylj001,Taylor,Josh,L,L,BOS,P
1560,BOS2019.ROS,thort001,Thornburg,Tyler,R,R,BOS,P
1561,BOS2019.ROS,travs001,Travis,Sam,R,R,BOS,1B
1562,BOS2019.ROS,vazqc001,Vazquez,Christian,R,R,BOS,C
1563,BOS2019.ROS,velah001,Velazquez,Hector,R,R,BOS,P
1564,BOS2019.ROS,waldm002,Walden,Marcus,R,R,BOS,P
1565,BOS2019.ROS,weber001,Weber,Ryan,R,R,BOS,P
1566,BOS2019.ROS,workb001,Workman,Brandon,R,R,BOS,P
1567,BOS2019.ROS,wrigs001,Wright,Steven,R,R,BOS,P
